Image,Class
100.jpeg,0
102.jpeg,33
103.jpeg,0
104.jpeg,0
105.jpeg,0
107.jpeg,0
109.jpeg,0
11.jpeg,0
110.jpeg,0
111.jpeg,0
112.jpeg,0
114.jpeg,0
115.jpeg,0
116.jpeg,0
117.jpeg,0
118.jpeg,0
119.jpeg,0
12.jpeg,0
120.jpeg,0
121.jpeg,0
122.jpeg,0
123.jpeg,0
124.jpeg,0
126.jpeg,0
127.jpeg,0
128.jpeg,0
129.jpeg,0
13.jpeg,0
130.jpeg,0
131.jpeg,0
132.jpeg,0
135.jpeg,0
136.jpeg,0
137.jpeg,0
138.jpeg,0
140.jpeg,0
142.jpeg,0
144.jpeg,0
145.jpeg,0
148.jpeg,0
149.jpeg,0
15.jpeg,0
150.jpeg,0
16.jpeg,0
18.jpeg,0
19.jpeg,0
2.jpeg,0
20.jpeg,0
21.jpeg,0
23.jpeg,0
24.jpeg,0
25.jpeg,0
26.jpeg,0
27.jpeg,0
28.jpeg,0
29.jpeg,0
3.jpeg,0
30.jpeg,14
31.jpeg,0
32.jpeg,0
33.jpeg,0
34.jpeg,0
35.jpeg,0
36.jpeg,0
39.jpeg,0
4.jpeg,0
40.jpeg,0
41.jpeg,0
42.jpeg,0
44.jpeg,0
45.jpeg,0
46.jpeg,0
47.jpeg,0
49.jpeg,0
5.jpeg,0
50.jpeg,0
51.jpeg,0
52.jpeg,0
53.jpeg,0
54.jpeg,23
55.jpeg,0
56.jpeg,0
57.jpeg,0
59.jpeg,0
6.jpeg,0
60.jpeg,0
62.jpeg,0
63.jpeg,0
64.jpeg,0
65.jpeg,0
67.jpeg,0
69.jpeg,0
7.jpeg,0
70.jpeg,0
71.jpeg,0
72.jpeg,0
73.jpeg,0
74.jpeg,0
75.jpeg,0
76.jpeg,0
77.jpeg,0
78.jpeg,0
79.jpeg,0
80.jpeg,0
81.jpeg,0
82.jpeg,0
83.jpeg,0
84.jpeg,0
86.jpeg,0
89.jpeg,0
9.jpeg,0
90.jpeg,0
91.jpeg,0
92.jpeg,0
93.jpeg,0
94.jpeg,0
96.jpeg,0
97.jpeg,0
98.jpeg,0
99.jpeg,0
1.jpeg,1
10.jpeg,1
100.jpeg,1
101.jpeg,1
102.jpeg,1
104.jpeg,1
106.jpeg,1
107.jpeg,1
108.jpeg,1
109.jpeg,1
11.jpeg,1
111.jpeg,1
112.jpeg,1
114.jpeg,1
115.jpeg,1
116.jpeg,34
117.jpeg,1
119.jpeg,28
12.jpeg,1
120.jpeg,1
122.jpeg,1
123.jpeg,1
125.jpeg,1
13.jpeg,1
14.jpeg,1
16.jpeg,1
17.jpeg,31
18.jpeg,1
19.jpeg,1
2.jpeg,1
20.jpeg,1
21.jpeg,1
22.jpeg,1
23.jpeg,1
24.jpeg,1
25.jpeg,1
27.jpeg,1
28.jpeg,1
29.jpeg,1
30.jpeg,1
31.jpeg,1
32.jpeg,1
34.jpeg,1
36.jpeg,1
38.jpeg,1
39.jpeg,1
4.jpeg,1
40.jpeg,1
41.jpeg,1
42.jpeg,1
43.jpeg,1
46.jpeg,1
47.jpeg,1
48.jpeg,1
49.jpeg,1
50.jpeg,1
52.jpeg,1
53.jpeg,10
55.jpeg,1
56.jpeg,1
57.jpeg,1
59.jpeg,1
6.jpeg,1
60.jpeg,25
61.jpeg,1
62.jpeg,1
63.jpeg,1
64.jpeg,1
65.jpeg,1
66.jpeg,1
68.jpeg,1
69.jpeg,1
7.jpeg,1
70.jpeg,1
71.jpeg,1
72.jpeg,1
74.jpeg,1
75.jpeg,1
76.jpeg,1
77.jpeg,1
78.jpeg,1
79.jpeg,1
8.jpeg,1
80.jpeg,1
81.jpeg,1
82.jpeg,1
83.jpeg,1
85.jpeg,1
86.jpeg,13
87.jpeg,1
88.jpeg,1
89.jpeg,1
90.jpeg,1
91.jpeg,1
92.jpeg,1
94.jpeg,1
96.jpeg,1
97.jpeg,1
98.jpeg,1
99.jpeg,1
10.jpeg,2
100.jpeg,2
101.jpeg,2
102.jpeg,2
104.jpeg,2
106.jpeg,2
107.jpeg,2
108.jpeg,2
109.jpeg,2
110.jpeg,2
111.jpeg,41
113.jpeg,2
114.jpeg,2
115.jpeg,2
116.jpeg,2
117.jpeg,2
118.jpeg,2
119.jpeg,2
12.jpeg,2
120.jpeg,48
121.jpeg,2
122.jpeg,2
123.jpeg,2
126.jpeg,25
127.jpeg,36
128.jpeg,2
13.jpeg,2
15.jpeg,24
16.jpeg,2
17.jpeg,2
18.jpeg,2
19.jpeg,2
2.jpeg,2
20.jpeg,2
21.jpeg,2
22.jpeg,2
23.jpeg,2
24.jpeg,2
25.jpeg,2
26.jpeg,2
27.jpeg,2
28.jpeg,2
29.jpeg,2
3.jpeg,2
32.jpeg,2
34.jpeg,2
36.jpeg,2
37.jpeg,2
38.jpeg,2
39.jpeg,2
4.jpeg,2
40.jpeg,2
42.jpeg,2
43.jpeg,2
45.jpeg,2
46.jpeg,2
47.jpeg,2
48.jpeg,2
49.jpeg,2
50.jpeg,2
51.jpeg,2
52.jpeg,2
53.jpeg,2
56.jpeg,24
57.jpeg,2
58.jpeg,2
59.jpeg,2
60.jpeg,2
61.jpeg,2
62.jpeg,2
63.jpeg,9
64.jpeg,2
65.jpeg,2
66.jpeg,2
67.jpeg,2
68.jpeg,2
69.jpeg,2
7.jpeg,2
70.jpeg,2
72.jpeg,2
74.jpeg,2
75.jpeg,12
76.jpeg,2
77.jpeg,36
78.jpeg,2
79.jpeg,48
8.jpeg,2
80.jpeg,2
82.jpeg,2
83.jpeg,2
85.jpeg,2
86.jpeg,2
87.jpeg,2
88.jpeg,2
9.jpeg,2
90.jpeg,2
91.jpeg,2
92.jpeg,36
93.jpeg,2
94.jpeg,2
96.jpeg,24
97.jpeg,2
99.jpeg,25
0.jpeg,3
1.jpeg,3
10.jpeg,3
100.jpeg,3
101.jpeg,3
102.jpeg,3
103.jpeg,3
104.jpeg,3
106.jpeg,3
107.jpeg,3
108.jpeg,3
109.jpeg,3
11.jpeg,3
110.jpeg,3
111.jpeg,3
112.jpeg,3
114.jpeg,3
118.jpeg,3
119.jpeg,3
12.jpeg,3
120.jpeg,3
121.jpeg,3
122.jpeg,3
123.jpeg,3
125.jpeg,3
126.jpeg,3
127.jpeg,3
128.jpeg,3
129.jpeg,3
13.jpeg,3
130.jpeg,3
131.jpeg,3
133.jpeg,3
134.jpeg,3
135.jpeg,3
136.jpeg,3
137.jpeg,3
138.jpeg,3
14.jpeg,3
15.jpeg,3
17.jpeg,3
18.jpeg,3
2.jpeg,3
20.jpeg,3
21.jpeg,3
24.jpeg,3
25.jpeg,3
26.jpeg,3
27.jpeg,3
28.jpeg,3
29.jpeg,3
3.jpeg,3
30.jpeg,3
32.jpeg,3
34.jpeg,3
35.jpeg,3
36.jpeg,3
37.jpeg,3
38.jpeg,3
39.jpeg,3
4.jpeg,3
40.jpeg,3
42.jpeg,3
43.jpeg,3
44.jpeg,3
46.jpeg,3
47.jpeg,3
49.jpeg,3
5.jpeg,3
50.jpeg,3
51.jpeg,3
53.jpeg,3
55.jpeg,3
56.jpeg,3
58.jpeg,3
6.jpeg,3
60.jpeg,3
61.jpeg,3
62.jpeg,3
63.jpeg,3
64.jpeg,3
65.jpeg,3
66.jpeg,3
67.jpeg,3
68.jpeg,3
69.jpeg,3
7.jpeg,3
71.jpeg,3
72.jpeg,3
73.jpeg,3
74.jpeg,3
75.jpeg,3
76.jpeg,3
77.jpeg,3
78.jpeg,3
8.jpeg,3
80.jpeg,3
81.jpeg,3
82.jpeg,3
83.jpeg,3
84.jpeg,3
86.jpeg,3
88.jpeg,3
89.jpeg,3
9.jpeg,3
92.jpeg,3
94.jpeg,3
95.jpeg,3
96.jpeg,3
97.jpeg,3
99.jpeg,3
0.jpeg,4
10.jpeg,4
100.jpeg,4
101.jpeg,4
102.jpeg,4
104.jpeg,4
105.jpeg,4
106.jpeg,4
108.jpeg,4
109.jpeg,4
11.jpeg,4
110.jpeg,4
111.jpeg,4
113.jpeg,4
117.jpeg,4
118.jpeg,4
119.jpeg,4
12.jpeg,4
120.jpeg,4
121.jpeg,4
122.jpeg,4
13.jpeg,4
14.jpeg,4
15.jpeg,4
16.jpeg,4
17.jpeg,4
18.jpeg,4
2.jpeg,4
20.jpeg,4
21.jpeg,4
23.jpeg,4
24.jpeg,4
25.jpeg,4
26.jpeg,4
27.jpeg,4
29.jpeg,4
3.jpeg,4
34.jpeg,4
36.jpeg,4
37.jpeg,4
38.jpeg,4
39.jpeg,4
4.jpeg,4
40.jpeg,4
41.jpeg,4
42.jpeg,4
43.jpeg,4
44.jpeg,4
45.jpeg,4
46.jpeg,4
47.jpeg,4
48.jpeg,4
49.jpeg,4
50.jpeg,4
51.jpeg,4
52.jpeg,4
53.jpeg,4
55.jpeg,4
56.jpeg,4
58.jpeg,4
59.jpeg,4
6.jpeg,4
60.jpeg,4
62.jpeg,4
63.jpeg,4
64.jpeg,4
66.jpeg,4
67.jpeg,4
68.jpeg,4
69.jpeg,4
7.jpeg,4
70.jpeg,4
71.jpeg,4
72.jpeg,4
75.jpeg,4
76.jpeg,4
77.jpeg,4
78.jpeg,4
79.jpeg,4
8.jpeg,4
80.jpeg,4
81.jpeg,4
82.jpeg,4
83.jpeg,4
84.jpeg,4
85.jpeg,4
86.jpeg,15
87.jpeg,4
89.jpeg,4
90.jpeg,4
91.jpeg,4
92.jpeg,4
93.jpeg,4
94.jpeg,4
96.jpeg,4
97.jpeg,4
98.jpeg,4
99.jpeg,4
0.jpeg,5
100.jpeg,5
101.jpeg,5
102.jpeg,5
103.jpeg,5
104.jpeg,5
106.jpeg,5
107.jpeg,5
108.jpeg,5
109.jpeg,5
11.jpeg,5
112.jpeg,5
113.jpeg,5
114.jpeg,5
115.jpeg,5
116.jpeg,5
117.jpeg,5
118.jpeg,5
119.jpeg,5
12.jpeg,5
120.jpeg,5
121.jpeg,5
122.jpeg,5
125.jpeg,5
126.jpeg,5
127.jpeg,5
13.jpeg,5
130.jpeg,5
131.jpeg,5
133.jpeg,5
134.jpeg,5
135.jpeg,5
136.jpeg,5
14.jpeg,5
15.jpeg,5
16.jpeg,5
17.jpeg,5
18.jpeg,5
19.jpeg,5
2.jpeg,5
20.jpeg,5
21.jpeg,5
22.jpeg,5
23.jpeg,5
25.jpeg,5
26.jpeg,5
27.jpeg,48
28.jpeg,5
29.jpeg,5
3.jpeg,5
32.jpeg,5
33.jpeg,5
34.jpeg,5
35.jpeg,5
36.jpeg,5
37.jpeg,5
38.jpeg,5
4.jpeg,5
40.jpeg,5
42.jpeg,5
43.jpeg,5
44.jpeg,5
45.jpeg,5
46.jpeg,5
47.jpeg,5
49.jpeg,5
5.jpeg,5
50.jpeg,5
51.jpeg,48
55.jpeg,5
56.jpeg,5
57.jpeg,5
6.jpeg,5
60.jpeg,5
61.jpeg,5
62.jpeg,5
64.jpeg,5
65.jpeg,5
66.jpeg,5
67.jpeg,5
68.jpeg,5
69.jpeg,5
7.jpeg,5
70.jpeg,5
71.jpeg,5
72.jpeg,5
73.jpeg,5
74.jpeg,5
75.jpeg,5
76.jpeg,5
77.jpeg,5
78.jpeg,5
79.jpeg,5
8.jpeg,5
80.jpeg,5
82.jpeg,5
83.jpeg,5
84.jpeg,5
85.jpeg,5
86.jpeg,5
88.jpeg,5
89.jpeg,5
9.jpeg,5
90.jpeg,42
92.jpeg,5
94.jpeg,5
96.jpeg,5
97.jpeg,5
99.jpeg,5
0.jpeg,6
10.jpeg,6
100.jpeg,6
102.jpeg,6
103.jpeg,6
104.jpeg,33
105.jpeg,6
107.jpeg,6
109.jpeg,6
11.jpeg,6
110.jpeg,6
111.jpeg,6
113.jpeg,6
114.jpeg,6
115.jpeg,6
116.jpeg,6
117.jpeg,6
12.jpeg,6
120.jpeg,6
121.jpeg,6
122.jpeg,6
123.jpeg,6
124.jpeg,6
125.jpeg,6
126.jpeg,6
127.jpeg,6
128.jpeg,6
129.jpeg,6
13.jpeg,6
131.jpeg,6
132.jpeg,6
135.jpeg,6
136.jpeg,6
137.jpeg,11
138.jpeg,6
139.jpeg,6
14.jpeg,6
140.jpeg,6
141.jpeg,6
142.jpeg,6
143.jpeg,6
145.jpeg,6
146.jpeg,24
147.jpeg,6
148.jpeg,6
149.jpeg,6
15.jpeg,6
150.jpeg,6
151.jpeg,6
152.jpeg,6
17.jpeg,6
18.jpeg,6
19.jpeg,6
2.jpeg,6
20.jpeg,6
22.jpeg,6
23.jpeg,6
24.jpeg,6
25.jpeg,6
27.jpeg,6
29.jpeg,6
30.jpeg,6
32.jpeg,6
34.jpeg,6
35.jpeg,6
36.jpeg,6
37.jpeg,6
38.jpeg,6
4.jpeg,6
40.jpeg,6
41.jpeg,6
42.jpeg,6
43.jpeg,6
45.jpeg,6
46.jpeg,6
47.jpeg,6
48.jpeg,6
5.jpeg,6
50.jpeg,6
52.jpeg,6
53.jpeg,6
54.jpeg,6
55.jpeg,6
56.jpeg,6
57.jpeg,6
58.jpeg,6
59.jpeg,6
6.jpeg,6
60.jpeg,6
61.jpeg,6
62.jpeg,6
65.jpeg,6
66.jpeg,6
67.jpeg,6
69.jpeg,6
7.jpeg,6
70.jpeg,6
73.jpeg,6
74.jpeg,6
75.jpeg,6
76.jpeg,6
77.jpeg,6
78.jpeg,6
79.jpeg,6
80.jpeg,6
81.jpeg,6
82.jpeg,6
83.jpeg,6
84.jpeg,6
85.jpeg,6
86.jpeg,6
89.jpeg,24
9.jpeg,6
90.jpeg,6
91.jpeg,6
92.jpeg,6
93.jpeg,6
94.jpeg,6
95.jpeg,6
97.jpeg,6
98.jpeg,6
99.jpeg,6
1.jpeg,7
10.jpeg,7
100.jpeg,7
101.jpeg,7
102.jpeg,7
103.jpeg,7
106.jpeg,7
108.jpeg,7
109.jpeg,7
11.jpeg,7
110.jpeg,7
111.jpeg,7
112.jpeg,7
113.jpeg,7
114.jpeg,7
116.jpeg,7
117.jpeg,7
118.jpeg,7
119.jpeg,7
12.jpeg,7
120.jpeg,7
121.jpeg,7
122.jpeg,7
123.jpeg,7
125.jpeg,7
126.jpeg,7
127.jpeg,7
130.jpeg,7
131.jpeg,7
132.jpeg,7
134.jpeg,7
137.jpeg,7
138.jpeg,7
139.jpeg,7
14.jpeg,7
140.jpeg,7
141.jpeg,7
15.jpeg,7
16.jpeg,7
17.jpeg,7
18.jpeg,7
19.jpeg,7
2.jpeg,7
20.jpeg,7
21.jpeg,7
22.jpeg,7
26.jpeg,7
27.jpeg,7
28.jpeg,7
3.jpeg,7
30.jpeg,7
32.jpeg,7
35.jpeg,7
36.jpeg,7
37.jpeg,7
39.jpeg,7
4.jpeg,7
41.jpeg,7
42.jpeg,7
43.jpeg,7
44.jpeg,7
45.jpeg,7
46.jpeg,7
47.jpeg,7
49.jpeg,7
5.jpeg,7
50.jpeg,7
51.jpeg,7
52.jpeg,7
53.jpeg,7
55.jpeg,7
56.jpeg,7
57.jpeg,7
59.jpeg,7
6.jpeg,7
60.jpeg,7
61.jpeg,7
63.jpeg,7
64.jpeg,7
65.jpeg,7
66.jpeg,7
67.jpeg,7
68.jpeg,7
69.jpeg,7
7.jpeg,7
70.jpeg,7
71.jpeg,7
73.jpeg,7
74.jpeg,7
75.jpeg,7
76.jpeg,7
77.jpeg,7
78.jpeg,7
79.jpeg,7
8.jpeg,7
81.jpeg,7
82.jpeg,7
83.jpeg,7
85.jpeg,7
86.jpeg,7
87.jpeg,7
88.jpeg,7
89.jpeg,7
9.jpeg,7
90.jpeg,7
91.jpeg,7
92.jpeg,7
93.jpeg,7
94.jpeg,7
96.jpeg,7
97.jpeg,7
98.jpeg,7
99.jpeg,7
0.jpeg,8
10.jpeg,8
101.jpeg,8
102.jpeg,18
103.jpeg,8
104.jpeg,8
105.jpeg,8
106.jpeg,8
108.jpeg,8
109.jpeg,8
110.jpeg,8
111.jpeg,8
112.jpeg,8
113.jpeg,8
114.jpeg,8
115.jpeg,8
116.jpeg,8
12.jpeg,8
121.jpeg,8
124.jpeg,8
125.jpeg,8
126.jpeg,8
127.jpeg,8
128.jpeg,8
129.jpeg,8
13.jpeg,8
131.jpeg,18
132.jpeg,8
133.jpeg,8
134.jpeg,8
135.jpeg,8
136.jpeg,8
138.jpeg,8
139.jpeg,8
14.jpeg,8
140.jpeg,8
141.jpeg,8
142.jpeg,8
143.jpeg,8
144.jpeg,8
145.jpeg,8
146.jpeg,8
147.jpeg,8
148.jpeg,8
149.jpeg,8
15.jpeg,8
150.jpeg,9
151.jpeg,8
152.jpeg,8
153.jpeg,8
154.jpeg,8
155.jpeg,8
156.jpeg,8
158.jpeg,8
159.jpeg,8
160.jpeg,10
161.jpeg,8
162.jpeg,8
163.jpeg,8
164.jpeg,8
165.jpeg,8
166.jpeg,8
167.jpeg,8
17.jpeg,8
170.jpeg,8
171.jpeg,8
18.jpeg,8
19.jpeg,8
20.jpeg,8
21.jpeg,8
23.jpeg,8
24.jpeg,8
25.jpeg,8
26.jpeg,8
27.jpeg,8
28.jpeg,8
29.jpeg,8
3.jpeg,8
30.jpeg,18
31.jpeg,8
32.jpeg,8
34.jpeg,8
35.jpeg,8
37.jpeg,8
39.jpeg,8
40.jpeg,8
41.jpeg,8
43.jpeg,8
44.jpeg,8
45.jpeg,8
46.jpeg,8
47.jpeg,8
5.jpeg,8
50.jpeg,8
52.jpeg,8
53.jpeg,8
54.jpeg,8
55.jpeg,8
56.jpeg,8
57.jpeg,8
58.jpeg,8
59.jpeg,8
6.jpeg,8
60.jpeg,8
61.jpeg,8
62.jpeg,8
66.jpeg,18
67.jpeg,8
68.jpeg,8
69.jpeg,8
7.jpeg,8
70.jpeg,8
71.jpeg,8
72.jpeg,8
73.jpeg,8
74.jpeg,8
76.jpeg,8
77.jpeg,8
78.jpeg,8
79.jpeg,8
8.jpeg,8
80.jpeg,8
81.jpeg,8
83.jpeg,8
84.jpeg,8
85.jpeg,18
86.jpeg,8
87.jpeg,8
89.jpeg,8
9.jpeg,8
90.jpeg,8
91.jpeg,8
92.jpeg,8
93.jpeg,8
94.jpeg,8
96.jpeg,8
97.jpeg,8
98.jpeg,8
99.jpeg,8
0.jpeg,9
1.jpeg,41
10.jpeg,9
101.jpeg,9
102.jpeg,9
103.jpeg,9
106.jpeg,9
107.jpeg,9
108.jpeg,9
109.jpeg,9
11.jpeg,9
110.jpeg,9
111.jpeg,9
112.jpeg,9
113.jpeg,9
114.jpeg,9
115.jpeg,9
116.jpeg,9
117.jpeg,9
118.jpeg,9
119.jpeg,9
12.jpeg,9
120.jpeg,9
121.jpeg,9
122.jpeg,9
123.jpeg,9
125.jpeg,9
126.jpeg,9
127.jpeg,41
128.jpeg,9
130.jpeg,9
131.jpeg,9
132.jpeg,9
134.jpeg,9
137.jpeg,9
138.jpeg,41
139.jpeg,9
14.jpeg,9
140.jpeg,9
141.jpeg,9
142.jpeg,9
15.jpeg,9
16.jpeg,9
17.jpeg,9
18.jpeg,9
19.jpeg,9
2.jpeg,9
21.jpeg,9
22.jpeg,9
24.jpeg,9
26.jpeg,9
28.jpeg,9
29.jpeg,9
3.jpeg,9
30.jpeg,9
32.jpeg,9
35.jpeg,9
36.jpeg,9
37.jpeg,9
39.jpeg,9
4.jpeg,9
40.jpeg,9
42.jpeg,9
43.jpeg,9
44.jpeg,9
45.jpeg,9
46.jpeg,9
47.jpeg,9
49.jpeg,9
5.jpeg,9
50.jpeg,9
51.jpeg,9
52.jpeg,9
53.jpeg,9
56.jpeg,9
57.jpeg,9
59.jpeg,9
6.jpeg,9
60.jpeg,9
61.jpeg,9
63.jpeg,9
64.jpeg,9
65.jpeg,9
66.jpeg,9
67.jpeg,9
68.jpeg,9
69.jpeg,9
7.jpeg,9
70.jpeg,9
71.jpeg,9
72.jpeg,41
73.jpeg,9
75.jpeg,9
76.jpeg,9
77.jpeg,9
78.jpeg,9
79.jpeg,9
8.jpeg,9
81.jpeg,9
82.jpeg,9
83.jpeg,15
85.jpeg,9
86.jpeg,9
87.jpeg,9
89.jpeg,9
9.jpeg,9
90.jpeg,9
91.jpeg,41
92.jpeg,9
93.jpeg,9
94.jpeg,9
96.jpeg,9
97.jpeg,9
98.jpeg,9
0.jpeg,10
1.jpeg,10
10.jpeg,10
100.jpeg,10
101.jpeg,10
102.jpeg,10
103.jpeg,10
104.jpeg,10
106.jpeg,10
107.jpeg,10
108.jpeg,10
109.jpeg,10
11.jpeg,10
110.jpeg,10
111.jpeg,10
112.jpeg,10
114.jpeg,10
118.jpeg,10
119.jpeg,10
12.jpeg,10
120.jpeg,10
121.jpeg,10
122.jpeg,10
123.jpeg,10
125.jpeg,10
126.jpeg,10
127.jpeg,10
128.jpeg,10
129.jpeg,10
13.jpeg,10
130.jpeg,10
131.jpeg,10
133.jpeg,10
134.jpeg,10
135.jpeg,10
136.jpeg,10
137.jpeg,10
138.jpeg,10
14.jpeg,10
15.jpeg,10
17.jpeg,10
18.jpeg,10
2.jpeg,10
20.jpeg,10
21.jpeg,10
24.jpeg,10
25.jpeg,10
26.jpeg,10
27.jpeg,10
28.jpeg,10
29.jpeg,10
3.jpeg,10
30.jpeg,10
32.jpeg,10
34.jpeg,10
35.jpeg,10
36.jpeg,10
37.jpeg,10
38.jpeg,10
39.jpeg,10
4.jpeg,10
40.jpeg,10
42.jpeg,10
43.jpeg,10
44.jpeg,10
46.jpeg,10
47.jpeg,10
49.jpeg,10
5.jpeg,10
50.jpeg,10
51.jpeg,10
53.jpeg,10
55.jpeg,10
56.jpeg,10
58.jpeg,10
6.jpeg,10
60.jpeg,10
61.jpeg,10
62.jpeg,10
63.jpeg,10
64.jpeg,10
65.jpeg,10
66.jpeg,10
67.jpeg,10
68.jpeg,10
69.jpeg,10
7.jpeg,10
71.jpeg,10
72.jpeg,10
73.jpeg,10
74.jpeg,10
75.jpeg,10
76.jpeg,10
77.jpeg,10
78.jpeg,10
8.jpeg,10
80.jpeg,10
81.jpeg,10
82.jpeg,10
83.jpeg,10
84.jpeg,10
86.jpeg,10
88.jpeg,10
89.jpeg,10
9.jpeg,10
92.jpeg,10
94.jpeg,10
95.jpeg,10
96.jpeg,10
97.jpeg,10
99.jpeg,10
0.jpeg,11
10.jpeg,11
100.jpeg,11
101.jpeg,11
102.jpeg,11
103.jpeg,11
104.jpeg,11
105.jpeg,11
107.jpeg,11
109.jpeg,11
11.jpeg,11
110.jpeg,11
112.jpeg,11
113.jpeg,11
114.jpeg,11
115.jpeg,24
116.jpeg,11
117.jpeg,11
118.jpeg,11
12.jpeg,46
121.jpeg,11
122.jpeg,11
123.jpeg,11
124.jpeg,11
125.jpeg,11
126.jpeg,11
127.jpeg,11
128.jpeg,11
13.jpeg,11
130.jpeg,11
132.jpeg,11
136.jpeg,11
137.jpeg,11
138.jpeg,11
139.jpeg,11
140.jpeg,11
141.jpeg,11
142.jpeg,11
143.jpeg,11
144.jpeg,11
145.jpeg,11
146.jpeg,11
147.jpeg,11
149.jpeg,11
15.jpeg,11
151.jpeg,11
152.jpeg,11
16.jpeg,11
17.jpeg,11
19.jpeg,11
2.jpeg,11
20.jpeg,11
21.jpeg,11
22.jpeg,11
23.jpeg,11
24.jpeg,11
25.jpeg,11
27.jpeg,11
28.jpeg,11
29.jpeg,11
30.jpeg,11
32.jpeg,11
34.jpeg,11
36.jpeg,11
37.jpeg,11
38.jpeg,11
4.jpeg,11
40.jpeg,11
41.jpeg,11
42.jpeg,11
43.jpeg,11
44.jpeg,11
45.jpeg,11
48.jpeg,11
5.jpeg,11
50.jpeg,11
52.jpeg,11
53.jpeg,11
54.jpeg,11
55.jpeg,11
56.jpeg,11
57.jpeg,11
59.jpeg,11
6.jpeg,11
60.jpeg,11
61.jpeg,11
62.jpeg,11
63.jpeg,24
64.jpeg,11
65.jpeg,11
66.jpeg,11
67.jpeg,11
69.jpeg,11
7.jpeg,11
70.jpeg,49
71.jpeg,11
73.jpeg,11
74.jpeg,11
75.jpeg,11
76.jpeg,11
77.jpeg,11
78.jpeg,11
79.jpeg,11
80.jpeg,11
81.jpeg,11
82.jpeg,11
83.jpeg,11
84.jpeg,11
85.jpeg,11
86.jpeg,11
87.jpeg,11
88.jpeg,11
89.jpeg,11
9.jpeg,11
90.jpeg,11
91.jpeg,11
92.jpeg,11
93.jpeg,11
94.jpeg,11
95.jpeg,11
96.jpeg,11
97.jpeg,11
98.jpeg,11
10.jpeg,12
100.jpeg,12
101.jpeg,12
102.jpeg,12
104.jpeg,12
106.jpeg,12
107.jpeg,12
108.jpeg,12
109.jpeg,12
110.jpeg,12
111.jpeg,12
113.jpeg,17
114.jpeg,12
115.jpeg,12
116.jpeg,12
117.jpeg,12
118.jpeg,12
119.jpeg,12
12.jpeg,12
120.jpeg,12
121.jpeg,12
122.jpeg,12
123.jpeg,12
126.jpeg,12
127.jpeg,12
128.jpeg,12
13.jpeg,12
15.jpeg,12
16.jpeg,12
17.jpeg,12
18.jpeg,12
19.jpeg,12
2.jpeg,12
20.jpeg,12
21.jpeg,12
22.jpeg,12
23.jpeg,12
24.jpeg,12
25.jpeg,12
26.jpeg,12
27.jpeg,12
28.jpeg,12
29.jpeg,12
3.jpeg,12
32.jpeg,12
34.jpeg,12
36.jpeg,12
37.jpeg,12
38.jpeg,12
39.jpeg,12
4.jpeg,12
40.jpeg,12
42.jpeg,12
43.jpeg,12
45.jpeg,12
46.jpeg,12
47.jpeg,12
48.jpeg,12
49.jpeg,12
50.jpeg,12
51.jpeg,12
52.jpeg,12
53.jpeg,12
56.jpeg,12
57.jpeg,12
58.jpeg,12
59.jpeg,12
60.jpeg,12
61.jpeg,12
62.jpeg,12
63.jpeg,11
64.jpeg,12
65.jpeg,12
66.jpeg,12
67.jpeg,12
68.jpeg,12
69.jpeg,12
7.jpeg,12
70.jpeg,12
72.jpeg,12
74.jpeg,12
75.jpeg,12
76.jpeg,12
77.jpeg,12
78.jpeg,12
79.jpeg,12
8.jpeg,12
80.jpeg,12
82.jpeg,12
83.jpeg,12
85.jpeg,12
86.jpeg,12
87.jpeg,12
88.jpeg,12
9.jpeg,12
90.jpeg,12
91.jpeg,12
92.jpeg,12
93.jpeg,12
94.jpeg,12
96.jpeg,12
97.jpeg,12
99.jpeg,12
1.jpeg,13
10.jpeg,13
100.jpeg,13
102.jpeg,13
103.jpeg,13
104.jpeg,13
106.jpeg,13
107.jpeg,13
109.jpeg,13
11.jpeg,13
110.jpeg,13
111.jpeg,13
112.jpeg,13
113.jpeg,13
115.jpeg,13
117.jpeg,13
118.jpeg,13
119.jpeg,13
12.jpeg,31
120.jpeg,13
121.jpeg,13
122.jpeg,13
123.jpeg,13
125.jpeg,13
126.jpeg,13
128.jpeg,13
129.jpeg,13
13.jpeg,13
131.jpeg,13
132.jpeg,13
133.jpeg,13
134.jpeg,13
135.jpeg,13
137.jpeg,13
138.jpeg,13
14.jpeg,13
141.jpeg,13
142.jpeg,13
144.jpeg,13
145.jpeg,13
146.jpeg,13
147.jpeg,13
15.jpeg,13
16.jpeg,13
17.jpeg,13
18.jpeg,13
19.jpeg,13
2.jpeg,13
20.jpeg,13
23.jpeg,13
24.jpeg,13
26.jpeg,13
27.jpeg,13
28.jpeg,13
29.jpeg,13
3.jpeg,13
30.jpeg,13
31.jpeg,13
32.jpeg,13
35.jpeg,13
36.jpeg,13
37.jpeg,13
39.jpeg,13
4.jpeg,13
40.jpeg,13
41.jpeg,13
42.jpeg,13
43.jpeg,13
44.jpeg,13
45.jpeg,13
47.jpeg,13
49.jpeg,13
5.jpeg,13
50.jpeg,13
51.jpeg,13
53.jpeg,13
54.jpeg,13
55.jpeg,13
56.jpeg,13
57.jpeg,13
58.jpeg,13
6.jpeg,13
60.jpeg,13
61.jpeg,13
62.jpeg,13
64.jpeg,13
66.jpeg,13
67.jpeg,13
68.jpeg,13
69.jpeg,13
7.jpeg,13
70.jpeg,24
71.jpeg,13
72.jpeg,13
73.jpeg,13
74.jpeg,13
75.jpeg,13
77.jpeg,13
78.jpeg,13
8.jpeg,13
80.jpeg,13
81.jpeg,13
82.jpeg,13
83.jpeg,13
85.jpeg,13
86.jpeg,13
87.jpeg,13
88.jpeg,13
89.jpeg,13
9.jpeg,13
90.jpeg,13
91.jpeg,13
92.jpeg,13
93.jpeg,13
94.jpeg,13
96.jpeg,13
98.jpeg,13
99.jpeg,13
0.jpeg,14
10.jpeg,14
100.jpeg,14
101.jpeg,14
102.jpeg,14
104.jpeg,14
106.jpeg,14
107.jpeg,14
108.jpeg,14
109.jpeg,14
113.jpeg,14
114.jpeg,14
115.jpeg,14
116.jpeg,14
117.jpeg,14
118.jpeg,14
119.jpeg,14
12.jpeg,14
120.jpeg,14
121.jpeg,14
122.jpeg,14
123.jpeg,14
126.jpeg,14
127.jpeg,14
13.jpeg,14
15.jpeg,14
16.jpeg,14
17.jpeg,14
18.jpeg,14
19.jpeg,14
20.jpeg,14
21.jpeg,14
22.jpeg,14
23.jpeg,14
24.jpeg,14
25.jpeg,14
26.jpeg,14
27.jpeg,14
29.jpeg,14
3.jpeg,14
32.jpeg,14
34.jpeg,14
35.jpeg,14
36.jpeg,14
38.jpeg,14
39.jpeg,14
4.jpeg,14
40.jpeg,14
42.jpeg,14
43.jpeg,14
45.jpeg,14
46.jpeg,14
47.jpeg,14
48.jpeg,14
49.jpeg,14
5.jpeg,14
50.jpeg,14
51.jpeg,14
52.jpeg,14
53.jpeg,14
56.jpeg,14
57.jpeg,14
58.jpeg,14
59.jpeg,14
61.jpeg,14
62.jpeg,14
63.jpeg,14
64.jpeg,14
65.jpeg,14
66.jpeg,14
67.jpeg,14
68.jpeg,14
69.jpeg,14
7.jpeg,14
70.jpeg,14
71.jpeg,14
72.jpeg,14
74.jpeg,14
75.jpeg,14
76.jpeg,14
77.jpeg,14
78.jpeg,14
79.jpeg,14
8.jpeg,14
80.jpeg,14
82.jpeg,14
83.jpeg,14
85.jpeg,14
86.jpeg,14
87.jpeg,14
88.jpeg,14
89.jpeg,14
9.jpeg,14
90.jpeg,14
91.jpeg,14
92.jpeg,14
93.jpeg,14
94.jpeg,14
96.jpeg,14
97.jpeg,14
98.jpeg,14
99.jpeg,14
1.jpeg,15
10.jpeg,15
100.jpeg,15
101.jpeg,15
102.jpeg,15
104.jpeg,15
106.jpeg,15
107.jpeg,15
108.jpeg,15
109.jpeg,15
11.jpeg,15
111.jpeg,15
112.jpeg,15
114.jpeg,15
115.jpeg,15
116.jpeg,15
117.jpeg,15
119.jpeg,15
12.jpeg,15
120.jpeg,6
122.jpeg,15
123.jpeg,15
125.jpeg,15
13.jpeg,15
14.jpeg,15
16.jpeg,15
17.jpeg,15
18.jpeg,15
19.jpeg,15
2.jpeg,15
20.jpeg,15
21.jpeg,15
22.jpeg,15
23.jpeg,15
24.jpeg,15
25.jpeg,15
27.jpeg,15
28.jpeg,15
29.jpeg,15
30.jpeg,15
31.jpeg,15
32.jpeg,15
34.jpeg,15
36.jpeg,15
38.jpeg,15
39.jpeg,15
4.jpeg,15
40.jpeg,15
41.jpeg,15
42.jpeg,15
43.jpeg,15
46.jpeg,15
47.jpeg,15
48.jpeg,15
49.jpeg,15
50.jpeg,15
52.jpeg,15
53.jpeg,15
55.jpeg,15
56.jpeg,15
57.jpeg,15
59.jpeg,15
6.jpeg,15
60.jpeg,15
61.jpeg,15
62.jpeg,15
63.jpeg,15
64.jpeg,15
65.jpeg,15
66.jpeg,15
68.jpeg,15
69.jpeg,15
7.jpeg,15
70.jpeg,15
71.jpeg,15
72.jpeg,15
74.jpeg,15
75.jpeg,15
76.jpeg,15
77.jpeg,15
78.jpeg,15
79.jpeg,15
8.jpeg,15
80.jpeg,15
81.jpeg,15
82.jpeg,15
83.jpeg,15
85.jpeg,15
86.jpeg,15
87.jpeg,15
88.jpeg,15
89.jpeg,15
90.jpeg,15
91.jpeg,15
92.jpeg,15
94.jpeg,15
96.jpeg,15
97.jpeg,15
98.jpeg,15
99.jpeg,15
0.jpeg,16
10.jpeg,16
100.jpeg,16
101.jpeg,16
102.jpeg,16
104.jpeg,16
105.jpeg,16
106.jpeg,16
108.jpeg,16
109.jpeg,16
11.jpeg,16
110.jpeg,16
111.jpeg,15
113.jpeg,16
117.jpeg,16
118.jpeg,16
119.jpeg,16
12.jpeg,16
120.jpeg,16
121.jpeg,16
122.jpeg,16
13.jpeg,16
14.jpeg,16
15.jpeg,16
16.jpeg,16
17.jpeg,16
18.jpeg,16
2.jpeg,16
20.jpeg,16
21.jpeg,16
23.jpeg,16
24.jpeg,16
25.jpeg,16
26.jpeg,16
27.jpeg,16
29.jpeg,16
3.jpeg,16
34.jpeg,16
36.jpeg,16
37.jpeg,16
38.jpeg,16
39.jpeg,16
4.jpeg,16
40.jpeg,16
41.jpeg,16
42.jpeg,16
43.jpeg,16
44.jpeg,16
45.jpeg,16
46.jpeg,16
47.jpeg,16
48.jpeg,16
49.jpeg,16
50.jpeg,16
51.jpeg,16
52.jpeg,16
53.jpeg,16
55.jpeg,16
56.jpeg,16
58.jpeg,16
59.jpeg,16
6.jpeg,16
60.jpeg,16
62.jpeg,16
63.jpeg,16
64.jpeg,16
66.jpeg,16
67.jpeg,16
68.jpeg,16
69.jpeg,16
7.jpeg,16
70.jpeg,16
71.jpeg,16
72.jpeg,16
75.jpeg,15
76.jpeg,16
77.jpeg,16
78.jpeg,16
79.jpeg,16
8.jpeg,16
80.jpeg,16
81.jpeg,16
82.jpeg,16
83.jpeg,16
84.jpeg,16
85.jpeg,23
86.jpeg,16
87.jpeg,16
89.jpeg,16
90.jpeg,15
91.jpeg,16
92.jpeg,16
93.jpeg,16
94.jpeg,16
96.jpeg,16
97.jpeg,16
98.jpeg,16
99.jpeg,15
0.jpeg,17
100.jpeg,17
101.jpeg,17
102.jpeg,17
103.jpeg,17
104.jpeg,17
106.jpeg,17
107.jpeg,17
108.jpeg,17
109.jpeg,17
11.jpeg,17
112.jpeg,17
113.jpeg,17
114.jpeg,17
115.jpeg,17
116.jpeg,17
117.jpeg,17
118.jpeg,17
119.jpeg,17
12.jpeg,17
120.jpeg,21
121.jpeg,17
122.jpeg,17
125.jpeg,17
126.jpeg,17
127.jpeg,17
13.jpeg,17
130.jpeg,21
131.jpeg,17
133.jpeg,17
134.jpeg,17
135.jpeg,17
136.jpeg,17
14.jpeg,17
15.jpeg,17
16.jpeg,17
17.jpeg,17
18.jpeg,17
19.jpeg,17
2.jpeg,17
20.jpeg,17
21.jpeg,17
22.jpeg,17
23.jpeg,17
25.jpeg,17
26.jpeg,17
27.jpeg,17
28.jpeg,17
29.jpeg,17
3.jpeg,17
32.jpeg,17
33.jpeg,17
34.jpeg,17
35.jpeg,17
36.jpeg,17
37.jpeg,17
38.jpeg,17
4.jpeg,17
40.jpeg,17
42.jpeg,17
43.jpeg,17
44.jpeg,17
45.jpeg,17
46.jpeg,17
47.jpeg,17
49.jpeg,17
5.jpeg,25
50.jpeg,17
51.jpeg,17
55.jpeg,17
56.jpeg,17
57.jpeg,17
6.jpeg,17
60.jpeg,17
61.jpeg,17
62.jpeg,17
64.jpeg,17
65.jpeg,17
66.jpeg,17
67.jpeg,17
68.jpeg,17
69.jpeg,17
7.jpeg,17
70.jpeg,17
71.jpeg,17
72.jpeg,17
73.jpeg,17
74.jpeg,17
75.jpeg,17
76.jpeg,17
77.jpeg,17
78.jpeg,17
79.jpeg,17
8.jpeg,17
80.jpeg,17
82.jpeg,17
83.jpeg,17
84.jpeg,17
85.jpeg,17
86.jpeg,21
88.jpeg,17
89.jpeg,17
9.jpeg,17
90.jpeg,17
92.jpeg,17
94.jpeg,17
96.jpeg,17
97.jpeg,17
99.jpeg,17
0.jpeg,18
10.jpeg,18
100.jpeg,18
101.jpeg,18
102.jpeg,18
103.jpeg,18
104.jpeg,18
105.jpeg,18
106.jpeg,18
107.jpeg,18
108.jpeg,18
109.jpeg,18
11.jpeg,18
110.jpeg,18
111.jpeg,18
112.jpeg,18
113.jpeg,18
114.jpeg,18
115.jpeg,42
117.jpeg,18
118.jpeg,18
119.jpeg,18
12.jpeg,18
122.jpeg,18
123.jpeg,18
124.jpeg,18
125.jpeg,18
126.jpeg,18
127.jpeg,18
128.jpeg,18
129.jpeg,18
13.jpeg,18
130.jpeg,18
131.jpeg,18
133.jpeg,18
134.jpeg,18
136.jpeg,18
137.jpeg,18
138.jpeg,18
139.jpeg,18
14.jpeg,18
141.jpeg,18
142.jpeg,18
143.jpeg,18
145.jpeg,18
147.jpeg,18
148.jpeg,18
149.jpeg,18
15.jpeg,42
150.jpeg,18
151.jpeg,18
152.jpeg,18
154.jpeg,18
156.jpeg,18
158.jpeg,18
161.jpeg,18
162.jpeg,18
163.jpeg,18
164.jpeg,18
166.jpeg,18
167.jpeg,18
168.jpeg,18
169.jpeg,18
170.jpeg,18
174.jpeg,18
175.jpeg,18
176.jpeg,42
177.jpeg,18
178.jpeg,18
18.jpeg,18
180.jpeg,18
181.jpeg,18
182.jpeg,18
184.jpeg,18
185.jpeg,18
186.jpeg,42
187.jpeg,18
188.jpeg,18
189.jpeg,18
19.jpeg,18
190.jpeg,18
191.jpeg,18
192.jpeg,18
193.jpeg,18
194.jpeg,18
195.jpeg,18
196.jpeg,18
199.jpeg,18
2.jpeg,42
20.jpeg,18
200.jpeg,18
201.jpeg,18
202.jpeg,18
203.jpeg,18
206.jpeg,18
207.jpeg,18
209.jpeg,18
210.jpeg,18
212.jpeg,18
213.jpeg,18
214.jpeg,18
215.jpeg,18
216.jpeg,18
217.jpeg,42
218.jpeg,18
219.jpeg,18
22.jpeg,10
220.jpeg,18
221.jpeg,18
222.jpeg,18
223.jpeg,18
224.jpeg,18
225.jpeg,18
226.jpeg,18
227.jpeg,18
228.jpeg,18
230.jpeg,18
231.jpeg,18
233.jpeg,18
234.jpeg,18
235.jpeg,18
236.jpeg,18
238.jpeg,18
239.jpeg,18
24.jpeg,18
240.jpeg,18
241.jpeg,18
242.jpeg,18
243.jpeg,18
244.jpeg,18
245.jpeg,18
246.jpeg,18
247.jpeg,18
248.jpeg,18
249.jpeg,42
25.jpeg,18
250.jpeg,18
251.jpeg,18
27.jpeg,18
28.jpeg,18
29.jpeg,42
3.jpeg,18
31.jpeg,18
33.jpeg,18
34.jpeg,18
35.jpeg,18
36.jpeg,18
37.jpeg,18
38.jpeg,18
39.jpeg,18
4.jpeg,18
42.jpeg,18
43.jpeg,18
44.jpeg,18
45.jpeg,18
47.jpeg,18
48.jpeg,18
5.jpeg,18
50.jpeg,42
51.jpeg,18
52.jpeg,18
53.jpeg,18
55.jpeg,18
56.jpeg,18
57.jpeg,42
58.jpeg,18
59.jpeg,18
6.jpeg,18
60.jpeg,18
61.jpeg,18
62.jpeg,18
63.jpeg,18
64.jpeg,18
65.jpeg,18
67.jpeg,18
68.jpeg,48
69.jpeg,18
7.jpeg,18
70.jpeg,18
72.jpeg,42
74.jpeg,18
75.jpeg,18
76.jpeg,18
77.jpeg,18
78.jpeg,18
79.jpeg,18
80.jpeg,18
82.jpeg,18
84.jpeg,18
86.jpeg,18
87.jpeg,18
89.jpeg,18
9.jpeg,18
91.jpeg,18
92.jpeg,18
93.jpeg,18
94.jpeg,18
96.jpeg,18
97.jpeg,18
98.jpeg,18
99.jpeg,18
100.jpeg,19
102.jpeg,19
103.jpeg,19
104.jpeg,19
105.jpeg,19
107.jpeg,19
109.jpeg,19
11.jpeg,19
110.jpeg,19
111.jpeg,19
112.jpeg,19
114.jpeg,19
115.jpeg,19
116.jpeg,19
117.jpeg,19
118.jpeg,19
119.jpeg,19
12.jpeg,19
120.jpeg,19
121.jpeg,19
122.jpeg,19
123.jpeg,19
124.jpeg,19
126.jpeg,19
127.jpeg,19
128.jpeg,19
129.jpeg,19
13.jpeg,19
130.jpeg,19
131.jpeg,19
132.jpeg,19
135.jpeg,19
136.jpeg,19
137.jpeg,19
138.jpeg,19
140.jpeg,19
142.jpeg,19
144.jpeg,19
145.jpeg,19
148.jpeg,19
149.jpeg,19
15.jpeg,19
150.jpeg,19
16.jpeg,19
18.jpeg,19
19.jpeg,19
2.jpeg,19
20.jpeg,19
21.jpeg,19
23.jpeg,19
24.jpeg,19
25.jpeg,19
26.jpeg,19
27.jpeg,19
28.jpeg,19
29.jpeg,19
3.jpeg,19
30.jpeg,19
31.jpeg,19
32.jpeg,19
33.jpeg,19
34.jpeg,19
35.jpeg,19
36.jpeg,19
39.jpeg,19
4.jpeg,43
40.jpeg,19
41.jpeg,19
42.jpeg,19
44.jpeg,19
45.jpeg,19
46.jpeg,19
47.jpeg,19
49.jpeg,19
5.jpeg,19
50.jpeg,19
51.jpeg,19
52.jpeg,19
53.jpeg,19
54.jpeg,19
55.jpeg,19
56.jpeg,19
57.jpeg,19
59.jpeg,19
6.jpeg,19
60.jpeg,19
62.jpeg,19
63.jpeg,19
64.jpeg,19
65.jpeg,19
67.jpeg,19
69.jpeg,19
7.jpeg,19
70.jpeg,19
71.jpeg,19
72.jpeg,19
73.jpeg,19
74.jpeg,19
75.jpeg,19
76.jpeg,19
77.jpeg,19
78.jpeg,19
79.jpeg,19
80.jpeg,19
81.jpeg,19
82.jpeg,19
83.jpeg,19
84.jpeg,19
86.jpeg,19
89.jpeg,19
9.jpeg,19
90.jpeg,19
91.jpeg,19
92.jpeg,19
93.jpeg,19
94.jpeg,19
96.jpeg,19
97.jpeg,19
98.jpeg,19
99.jpeg,19
0.jpeg,20
1.jpeg,20
10.jpeg,20
100.jpeg,20
101.jpeg,20
102.jpeg,20
103.jpeg,20
104.jpeg,20
106.jpeg,25
107.jpeg,20
108.jpeg,20
109.jpeg,20
11.jpeg,20
111.jpeg,20
112.jpeg,20
113.jpeg,20
114.jpeg,20
117.jpeg,20
119.jpeg,20
12.jpeg,20
120.jpeg,20
122.jpeg,20
123.jpeg,20
13.jpeg,20
14.jpeg,20
15.jpeg,20
16.jpeg,20
17.jpeg,20
19.jpeg,20
2.jpeg,20
20.jpeg,20
21.jpeg,20
22.jpeg,20
23.jpeg,20
24.jpeg,20
25.jpeg,20
26.jpeg,20
27.jpeg,20
28.jpeg,20
29.jpeg,20
32.jpeg,20
34.jpeg,20
37.jpeg,20
38.jpeg,20
39.jpeg,20
4.jpeg,20
40.jpeg,20
41.jpeg,20
42.jpeg,20
43.jpeg,20
44.jpeg,20
45.jpeg,20
46.jpeg,20
47.jpeg,20
48.jpeg,20
49.jpeg,20
5.jpeg,20
50.jpeg,20
52.jpeg,20
55.jpeg,20
56.jpeg,20
57.jpeg,20
58.jpeg,20
59.jpeg,20
6.jpeg,20
60.jpeg,20
61.jpeg,20
62.jpeg,20
63.jpeg,20
64.jpeg,20
65.jpeg,20
66.jpeg,20
68.jpeg,20
69.jpeg,20
7.jpeg,20
71.jpeg,20
74.jpeg,20
75.jpeg,20
76.jpeg,20
77.jpeg,20
78.jpeg,20
79.jpeg,20
8.jpeg,20
80.jpeg,20
82.jpeg,20
83.jpeg,20
85.jpeg,20
86.jpeg,20
87.jpeg,20
88.jpeg,20
89.jpeg,20
90.jpeg,20
91.jpeg,20
92.jpeg,20
93.jpeg,20
94.jpeg,20
96.jpeg,20
97.jpeg,20
98.jpeg,20
99.jpeg,20
0.jpeg,21
10.jpeg,21
100.jpeg,21
101.jpeg,21
102.jpeg,21
103.jpeg,21
105.jpeg,21
107.jpeg,21
108.jpeg,21
109.jpeg,21
11.jpeg,21
110.jpeg,21
111.jpeg,21
112.jpeg,21
113.jpeg,21
114.jpeg,21
115.jpeg,21
116.jpeg,21
117.jpeg,21
119.jpeg,21
12.jpeg,21
15.jpeg,21
16.jpeg,21
17.jpeg,21
18.jpeg,21
19.jpeg,21
2.jpeg,21
21.jpeg,21
23.jpeg,21
24.jpeg,21
26.jpeg,21
27.jpeg,21
29.jpeg,21
3.jpeg,21
30.jpeg,21
31.jpeg,21
32.jpeg,21
34.jpeg,21
36.jpeg,21
37.jpeg,21
38.jpeg,21
39.jpeg,21
4.jpeg,21
40.jpeg,21
41.jpeg,21
45.jpeg,21
46.jpeg,25
47.jpeg,21
48.jpeg,21
49.jpeg,21
5.jpeg,23
50.jpeg,21
51.jpeg,21
52.jpeg,21
53.jpeg,21
55.jpeg,21
56.jpeg,21
57.jpeg,21
58.jpeg,21
59.jpeg,21
6.jpeg,21
60.jpeg,21
61.jpeg,21
62.jpeg,21
63.jpeg,21
64.jpeg,21
65.jpeg,21
66.jpeg,24
67.jpeg,21
68.jpeg,21
69.jpeg,21
7.jpeg,15
71.jpeg,21
74.jpeg,21
75.jpeg,7
76.jpeg,21
77.jpeg,25
78.jpeg,21
79.jpeg,21
8.jpeg,21
80.jpeg,21
81.jpeg,21
82.jpeg,7
83.jpeg,21
84.jpeg,21
85.jpeg,21
86.jpeg,21
87.jpeg,21
88.jpeg,21
89.jpeg,21
91.jpeg,21
92.jpeg,21
94.jpeg,21
97.jpeg,21
98.jpeg,21
99.jpeg,21
0.jpeg,22
10.jpeg,22
100.jpeg,22
101.jpeg,22
102.jpeg,22
103.jpeg,22
104.jpeg,22
107.jpeg,22
108.jpeg,22
109.jpeg,22
11.jpeg,22
110.jpeg,22
111.jpeg,22
112.jpeg,22
113.jpeg,22
114.jpeg,22
115.jpeg,22
116.jpeg,22
117.jpeg,11
118.jpeg,22
119.jpeg,22
12.jpeg,22
120.jpeg,22
121.jpeg,22
13.jpeg,22
15.jpeg,11
16.jpeg,22
17.jpeg,22
18.jpeg,22
19.jpeg,22
2.jpeg,22
20.jpeg,22
21.jpeg,22
22.jpeg,22
23.jpeg,22
24.jpeg,22
28.jpeg,22
29.jpeg,22
3.jpeg,22
31.jpeg,22
34.jpeg,22
35.jpeg,22
37.jpeg,22
38.jpeg,22
39.jpeg,22
4.jpeg,22
40.jpeg,22
41.jpeg,22
43.jpeg,22
44.jpeg,22
45.jpeg,22
46.jpeg,22
47.jpeg,22
48.jpeg,22
49.jpeg,22
5.jpeg,22
50.jpeg,22
51.jpeg,22
52.jpeg,22
55.jpeg,22
56.jpeg,7
58.jpeg,22
59.jpeg,22
6.jpeg,22
61.jpeg,22
62.jpeg,22
64.jpeg,22
65.jpeg,22
66.jpeg,22
67.jpeg,22
68.jpeg,22
69.jpeg,22
7.jpeg,22
70.jpeg,22
71.jpeg,22
75.jpeg,22
76.jpeg,22
77.jpeg,22
78.jpeg,22
79.jpeg,22
8.jpeg,22
80.jpeg,22
81.jpeg,22
82.jpeg,22
83.jpeg,22
84.jpeg,22
85.jpeg,22
86.jpeg,22
89.jpeg,22
91.jpeg,22
92.jpeg,22
93.jpeg,22
94.jpeg,22
96.jpeg,22
97.jpeg,22
98.jpeg,22
99.jpeg,22
0.jpeg,23
1.jpeg,23
10.jpeg,23
100.jpeg,23
101.jpeg,23
104.jpeg,23
105.jpeg,23
107.jpeg,23
108.jpeg,23
109.jpeg,23
11.jpeg,23
112.jpeg,23
113.jpeg,23
116.jpeg,23
117.jpeg,23
118.jpeg,0
119.jpeg,23
12.jpeg,23
120.jpeg,23
121.jpeg,23
122.jpeg,23
123.jpeg,23
13.jpeg,15
14.jpeg,23
15.jpeg,23
16.jpeg,23
17.jpeg,23
19.jpeg,23
2.jpeg,23
20.jpeg,23
21.jpeg,23
23.jpeg,23
24.jpeg,23
25.jpeg,23
26.jpeg,23
27.jpeg,23
28.jpeg,23
29.jpeg,15
3.jpeg,23
32.jpeg,23
34.jpeg,23
37.jpeg,23
38.jpeg,23
39.jpeg,23
4.jpeg,23
40.jpeg,23
41.jpeg,23
42.jpeg,23
43.jpeg,23
45.jpeg,23
46.jpeg,23
47.jpeg,23
48.jpeg,23
49.jpeg,23
5.jpeg,23
50.jpeg,23
51.jpeg,23
52.jpeg,23
53.jpeg,23
56.jpeg,23
57.jpeg,23
58.jpeg,23
59.jpeg,23
6.jpeg,23
61.jpeg,23
62.jpeg,23
63.jpeg,23
64.jpeg,23
66.jpeg,23
67.jpeg,23
68.jpeg,23
69.jpeg,23
7.jpeg,23
71.jpeg,23
72.jpeg,23
74.jpeg,23
75.jpeg,23
76.jpeg,23
78.jpeg,23
79.jpeg,23
8.jpeg,23
80.jpeg,23
81.jpeg,23
82.jpeg,23
83.jpeg,23
84.jpeg,23
85.jpeg,23
86.jpeg,23
87.jpeg,23
89.jpeg,23
90.jpeg,23
91.jpeg,38
92.jpeg,23
93.jpeg,23
94.jpeg,23
96.jpeg,23
97.jpeg,23
98.jpeg,23
99.jpeg,23
0.jpeg,24
1.jpeg,24
10.jpeg,24
101.jpeg,24
102.jpeg,24
103.jpeg,24
106.jpeg,24
107.jpeg,24
108.jpeg,24
109.jpeg,24
11.jpeg,24
110.jpeg,24
112.jpeg,24
113.jpeg,24
114.jpeg,24
115.jpeg,24
116.jpeg,24
117.jpeg,24
118.jpeg,24
12.jpeg,24
120.jpeg,24
122.jpeg,24
123.jpeg,24
124.jpeg,24
125.jpeg,24
126.jpeg,24
127.jpeg,24
128.jpeg,24
129.jpeg,24
13.jpeg,24
131.jpeg,24
132.jpeg,24
133.jpeg,24
134.jpeg,24
135.jpeg,24
136.jpeg,24
138.jpeg,24
139.jpeg,24
14.jpeg,24
140.jpeg,24
142.jpeg,24
143.jpeg,24
144.jpeg,24
145.jpeg,24
146.jpeg,24
147.jpeg,24
148.jpeg,24
15.jpeg,24
150.jpeg,24
151.jpeg,24
152.jpeg,24
153.jpeg,24
154.jpeg,24
155.jpeg,24
156.jpeg,24
157.jpeg,24
158.jpeg,24
159.jpeg,24
16.jpeg,24
160.jpeg,24
17.jpeg,24
18.jpeg,24
19.jpeg,24
21.jpeg,24
22.jpeg,24
23.jpeg,24
24.jpeg,24
25.jpeg,24
26.jpeg,24
27.jpeg,24
28.jpeg,24
29.jpeg,24
3.jpeg,24
32.jpeg,24
33.jpeg,24
36.jpeg,24
37.jpeg,24
39.jpeg,24
4.jpeg,24
40.jpeg,24
42.jpeg,24
43.jpeg,24
44.jpeg,24
46.jpeg,24
49.jpeg,24
5.jpeg,24
50.jpeg,24
51.jpeg,24
52.jpeg,24
53.jpeg,24
54.jpeg,24
57.jpeg,24
58.jpeg,11
59.jpeg,24
6.jpeg,24
60.jpeg,24
62.jpeg,24
63.jpeg,24
64.jpeg,24
66.jpeg,24
69.jpeg,24
7.jpeg,24
70.jpeg,24
71.jpeg,24
72.jpeg,24
73.jpeg,24
74.jpeg,24
76.jpeg,24
78.jpeg,24
8.jpeg,24
80.jpeg,24
81.jpeg,24
82.jpeg,24
84.jpeg,24
87.jpeg,24
88.jpeg,24
89.jpeg,24
9.jpeg,24
90.jpeg,24
91.jpeg,24
92.jpeg,24
93.jpeg,24
94.jpeg,24
95.jpeg,24
96.jpeg,24
97.jpeg,24
98.jpeg,24
99.jpeg,24
0.jpeg,25
10.jpeg,25
100.jpeg,25
101.jpeg,25
102.jpeg,25
103.jpeg,25
104.jpeg,25
107.jpeg,25
108.jpeg,25
109.jpeg,25
11.jpeg,25
110.jpeg,25
111.jpeg,25
112.jpeg,25
113.jpeg,25
114.jpeg,25
115.jpeg,25
116.jpeg,25
117.jpeg,25
118.jpeg,25
119.jpeg,25
12.jpeg,25
120.jpeg,25
121.jpeg,25
13.jpeg,25
15.jpeg,25
16.jpeg,25
17.jpeg,25
18.jpeg,25
19.jpeg,25
2.jpeg,25
20.jpeg,25
21.jpeg,25
22.jpeg,25
23.jpeg,25
24.jpeg,25
28.jpeg,25
29.jpeg,25
3.jpeg,25
31.jpeg,25
34.jpeg,25
35.jpeg,25
37.jpeg,25
38.jpeg,25
39.jpeg,25
4.jpeg,25
40.jpeg,25
41.jpeg,25
43.jpeg,25
44.jpeg,25
45.jpeg,25
46.jpeg,25
47.jpeg,25
48.jpeg,25
49.jpeg,25
5.jpeg,25
50.jpeg,25
51.jpeg,25
52.jpeg,25
55.jpeg,25
56.jpeg,25
58.jpeg,25
59.jpeg,25
6.jpeg,25
61.jpeg,25
62.jpeg,25
64.jpeg,25
65.jpeg,25
66.jpeg,25
67.jpeg,25
68.jpeg,25
69.jpeg,25
7.jpeg,25
70.jpeg,25
71.jpeg,25
75.jpeg,25
76.jpeg,25
77.jpeg,25
78.jpeg,25
79.jpeg,25
8.jpeg,25
80.jpeg,25
81.jpeg,25
82.jpeg,25
83.jpeg,25
84.jpeg,25
85.jpeg,25
86.jpeg,25
89.jpeg,25
91.jpeg,25
92.jpeg,25
93.jpeg,25
94.jpeg,25
96.jpeg,25
97.jpeg,25
98.jpeg,25
99.jpeg,25
0.jpeg,26
1.jpeg,26
10.jpeg,26
100.jpeg,26
101.jpeg,26
102.jpeg,26
103.jpeg,26
104.jpeg,26
106.jpeg,26
107.jpeg,26
108.jpeg,26
109.jpeg,26
11.jpeg,26
111.jpeg,26
112.jpeg,26
113.jpeg,26
114.jpeg,26
117.jpeg,26
119.jpeg,17
12.jpeg,26
120.jpeg,26
122.jpeg,26
123.jpeg,26
13.jpeg,26
14.jpeg,26
15.jpeg,26
16.jpeg,26
17.jpeg,26
19.jpeg,26
2.jpeg,26
20.jpeg,26
21.jpeg,26
22.jpeg,26
23.jpeg,26
24.jpeg,26
25.jpeg,26
26.jpeg,26
27.jpeg,26
28.jpeg,26
29.jpeg,26
32.jpeg,26
34.jpeg,26
37.jpeg,26
38.jpeg,26
39.jpeg,26
4.jpeg,26
40.jpeg,26
41.jpeg,26
42.jpeg,26
43.jpeg,26
44.jpeg,26
45.jpeg,26
46.jpeg,26
47.jpeg,26
48.jpeg,26
49.jpeg,26
5.jpeg,26
50.jpeg,26
52.jpeg,26
55.jpeg,26
56.jpeg,26
57.jpeg,26
58.jpeg,26
59.jpeg,26
6.jpeg,26
60.jpeg,26
61.jpeg,26
62.jpeg,26
63.jpeg,26
64.jpeg,26
65.jpeg,26
66.jpeg,26
68.jpeg,26
69.jpeg,26
7.jpeg,26
71.jpeg,26
74.jpeg,26
75.jpeg,26
76.jpeg,26
77.jpeg,26
78.jpeg,26
79.jpeg,26
8.jpeg,26
80.jpeg,26
82.jpeg,26
83.jpeg,26
85.jpeg,26
86.jpeg,26
87.jpeg,26
88.jpeg,26
89.jpeg,26
90.jpeg,26
91.jpeg,26
92.jpeg,26
93.jpeg,26
94.jpeg,26
96.jpeg,26
97.jpeg,26
98.jpeg,26
99.jpeg,26
0.jpeg,27
1.jpeg,27
10.jpeg,27
100.jpeg,27
101.jpeg,23
104.jpeg,27
105.jpeg,27
107.jpeg,27
108.jpeg,27
109.jpeg,27
11.jpeg,27
112.jpeg,27
113.jpeg,27
116.jpeg,27
117.jpeg,27
118.jpeg,27
119.jpeg,27
12.jpeg,27
120.jpeg,27
121.jpeg,27
122.jpeg,27
123.jpeg,27
13.jpeg,27
14.jpeg,8
15.jpeg,27
16.jpeg,27
17.jpeg,27
19.jpeg,27
2.jpeg,27
20.jpeg,27
21.jpeg,27
23.jpeg,27
24.jpeg,27
25.jpeg,27
26.jpeg,27
27.jpeg,27
28.jpeg,27
29.jpeg,27
3.jpeg,27
32.jpeg,27
34.jpeg,27
37.jpeg,27
38.jpeg,27
39.jpeg,27
4.jpeg,27
40.jpeg,27
41.jpeg,27
42.jpeg,27
43.jpeg,27
45.jpeg,27
46.jpeg,27
47.jpeg,27
48.jpeg,27
49.jpeg,27
5.jpeg,27
50.jpeg,27
51.jpeg,27
52.jpeg,27
53.jpeg,27
56.jpeg,27
57.jpeg,27
58.jpeg,27
59.jpeg,27
6.jpeg,27
61.jpeg,4
62.jpeg,27
63.jpeg,27
64.jpeg,27
66.jpeg,27
67.jpeg,27
68.jpeg,27
69.jpeg,27
7.jpeg,27
71.jpeg,27
72.jpeg,27
74.jpeg,27
75.jpeg,27
76.jpeg,27
78.jpeg,27
79.jpeg,27
8.jpeg,27
80.jpeg,27
81.jpeg,27
82.jpeg,27
83.jpeg,27
84.jpeg,27
85.jpeg,27
86.jpeg,27
87.jpeg,27
89.jpeg,27
90.jpeg,27
91.jpeg,27
92.jpeg,27
93.jpeg,27
94.jpeg,27
96.jpeg,27
97.jpeg,27
98.jpeg,27
99.jpeg,27
0.jpeg,28
1.jpeg,28
10.jpeg,28
100.jpeg,28
101.jpeg,28
104.jpeg,28
105.jpeg,28
107.jpeg,28
108.jpeg,28
109.jpeg,28
11.jpeg,28
112.jpeg,28
113.jpeg,28
116.jpeg,28
117.jpeg,28
118.jpeg,28
119.jpeg,28
12.jpeg,28
120.jpeg,28
121.jpeg,28
122.jpeg,28
123.jpeg,28
13.jpeg,28
14.jpeg,28
15.jpeg,28
16.jpeg,28
17.jpeg,28
19.jpeg,28
2.jpeg,28
20.jpeg,28
21.jpeg,28
23.jpeg,28
24.jpeg,28
25.jpeg,28
26.jpeg,28
27.jpeg,28
28.jpeg,28
29.jpeg,28
3.jpeg,28
32.jpeg,28
34.jpeg,28
37.jpeg,28
38.jpeg,28
39.jpeg,28
4.jpeg,28
40.jpeg,28
41.jpeg,28
42.jpeg,28
43.jpeg,28
45.jpeg,28
46.jpeg,28
47.jpeg,28
48.jpeg,28
49.jpeg,28
5.jpeg,28
50.jpeg,28
51.jpeg,28
52.jpeg,28
53.jpeg,28
56.jpeg,28
57.jpeg,28
58.jpeg,28
59.jpeg,28
6.jpeg,28
61.jpeg,28
62.jpeg,28
63.jpeg,28
64.jpeg,28
66.jpeg,28
67.jpeg,28
68.jpeg,28
69.jpeg,28
7.jpeg,28
71.jpeg,28
72.jpeg,28
74.jpeg,28
75.jpeg,28
76.jpeg,28
78.jpeg,28
79.jpeg,28
8.jpeg,28
80.jpeg,28
81.jpeg,28
82.jpeg,28
83.jpeg,28
84.jpeg,28
85.jpeg,28
86.jpeg,28
87.jpeg,28
89.jpeg,28
90.jpeg,28
91.jpeg,28
92.jpeg,28
93.jpeg,28
94.jpeg,28
96.jpeg,28
97.jpeg,28
98.jpeg,28
99.jpeg,28
0.jpeg,29
1.jpeg,29
10.jpeg,29
100.jpeg,29
101.jpeg,29
103.jpeg,29
105.jpeg,29
106.jpeg,29
107.jpeg,29
108.jpeg,29
109.jpeg,29
110.jpeg,29
112.jpeg,29
114.jpeg,29
115.jpeg,29
116.jpeg,29
118.jpeg,29
12.jpeg,29
120.jpeg,29
123.jpeg,29
124.jpeg,29
125.jpeg,29
126.jpeg,29
127.jpeg,29
128.jpeg,29
129.jpeg,29
13.jpeg,29
130.jpeg,29
131.jpeg,29
132.jpeg,29
133.jpeg,49
135.jpeg,29
136.jpeg,29
137.jpeg,29
138.jpeg,29
139.jpeg,29
14.jpeg,29
142.jpeg,29
143.jpeg,29
145.jpeg,29
146.jpeg,29
147.jpeg,29
148.jpeg,29
149.jpeg,29
15.jpeg,29
151.jpeg,29
152.jpeg,29
153.jpeg,29
154.jpeg,29
155.jpeg,29
156.jpeg,29
157.jpeg,29
159.jpeg,29
16.jpeg,29
160.jpeg,29
161.jpeg,29
163.jpeg,29
164.jpeg,29
165.jpeg,29
166.jpeg,29
167.jpeg,29
168.jpeg,29
169.jpeg,29
17.jpeg,29
170.jpeg,29
171.jpeg,29
172.jpeg,29
173.jpeg,29
174.jpeg,29
176.jpeg,29
177.jpeg,29
178.jpeg,29
179.jpeg,29
18.jpeg,29
180.jpeg,29
181.jpeg,29
182.jpeg,29
183.jpeg,29
184.jpeg,29
185.jpeg,29
186.jpeg,29
187.jpeg,29
188.jpeg,29
190.jpeg,29
191.jpeg,29
192.jpeg,29
194.jpeg,29
21.jpeg,29
22.jpeg,29
23.jpeg,29
24.jpeg,29
25.jpeg,29
26.jpeg,29
28.jpeg,29
3.jpeg,29
31.jpeg,29
34.jpeg,29
35.jpeg,29
36.jpeg,29
38.jpeg,29
39.jpeg,29
4.jpeg,29
40.jpeg,29
41.jpeg,29
42.jpeg,29
44.jpeg,29
45.jpeg,29
46.jpeg,29
47.jpeg,29
5.jpeg,29
50.jpeg,29
51.jpeg,29
52.jpeg,29
53.jpeg,29
54.jpeg,29
55.jpeg,29
56.jpeg,29
57.jpeg,29
58.jpeg,29
59.jpeg,29
6.jpeg,29
60.jpeg,29
61.jpeg,29
62.jpeg,29
64.jpeg,29
65.jpeg,29
66.jpeg,29
67.jpeg,29
69.jpeg,29
7.jpeg,29
73.jpeg,29
75.jpeg,29
76.jpeg,29
77.jpeg,29
78.jpeg,49
79.jpeg,29
80.jpeg,29
81.jpeg,29
82.jpeg,29
83.jpeg,29
84.jpeg,29
85.jpeg,29
86.jpeg,29
87.jpeg,29
88.jpeg,29
89.jpeg,29
9.jpeg,29
90.jpeg,29
91.jpeg,29
92.jpeg,29
93.jpeg,29
94.jpeg,29
95.jpeg,24
96.jpeg,29
97.jpeg,29
99.jpeg,29
0.jpeg,30
1.jpeg,30
10.jpeg,30
101.jpeg,30
102.jpeg,30
103.jpeg,30
106.jpeg,30
107.jpeg,30
108.jpeg,30
109.jpeg,30
11.jpeg,30
110.jpeg,30
111.jpeg,30
112.jpeg,30
113.jpeg,30
114.jpeg,30
116.jpeg,30
117.jpeg,30
118.jpeg,30
12.jpeg,30
120.jpeg,30
122.jpeg,30
123.jpeg,30
124.jpeg,30
125.jpeg,30
127.jpeg,30
128.jpeg,30
129.jpeg,30
13.jpeg,30
130.jpeg,25
132.jpeg,30
133.jpeg,30
134.jpeg,30
135.jpeg,30
136.jpeg,30
138.jpeg,17
139.jpeg,30
14.jpeg,30
140.jpeg,30
142.jpeg,30
143.jpeg,30
144.jpeg,30
145.jpeg,30
146.jpeg,30
147.jpeg,31
148.jpeg,30
15.jpeg,30
150.jpeg,30
151.jpeg,30
152.jpeg,30
153.jpeg,30
154.jpeg,30
155.jpeg,30
156.jpeg,30
157.jpeg,30
158.jpeg,30
159.jpeg,30
16.jpeg,30
160.jpeg,30
161.jpeg,30
162.jpeg,30
163.jpeg,30
164.jpeg,30
17.jpeg,30
18.jpeg,30
19.jpeg,30
2.jpeg,30
21.jpeg,30
22.jpeg,30
23.jpeg,30
24.jpeg,30
25.jpeg,30
26.jpeg,30
27.jpeg,30
28.jpeg,30
29.jpeg,30
3.jpeg,30
32.jpeg,30
33.jpeg,30
35.jpeg,30
36.jpeg,31
39.jpeg,30
4.jpeg,7
40.jpeg,30
42.jpeg,30
43.jpeg,30
44.jpeg,30
46.jpeg,30
47.jpeg,30
49.jpeg,30
5.jpeg,30
50.jpeg,30
51.jpeg,30
52.jpeg,31
53.jpeg,30
54.jpeg,30
57.jpeg,30
58.jpeg,30
59.jpeg,30
6.jpeg,30
62.jpeg,30
64.jpeg,30
66.jpeg,30
69.jpeg,30
7.jpeg,30
70.jpeg,30
71.jpeg,30
72.jpeg,30
73.jpeg,30
74.jpeg,30
75.jpeg,30
76.jpeg,30
78.jpeg,30
8.jpeg,30
80.jpeg,30
81.jpeg,30
82.jpeg,30
83.jpeg,30
84.jpeg,30
85.jpeg,30
87.jpeg,30
88.jpeg,30
89.jpeg,30
9.jpeg,30
90.jpeg,30
91.jpeg,30
92.jpeg,30
93.jpeg,30
94.jpeg,30
95.jpeg,30
96.jpeg,30
97.jpeg,30
0.jpeg,31
1.jpeg,31
10.jpeg,31
100.jpeg,31
102.jpeg,31
105.jpeg,31
106.jpeg,31
107.jpeg,31
108.jpeg,31
109.jpeg,31
111.jpeg,31
112.jpeg,31
114.jpeg,31
115.jpeg,31
116.jpeg,31
118.jpeg,31
12.jpeg,31
120.jpeg,31
121.jpeg,31
123.jpeg,31
124.jpeg,31
125.jpeg,31
126.jpeg,31
127.jpeg,31
128.jpeg,31
129.jpeg,31
130.jpeg,31
131.jpeg,31
132.jpeg,31
133.jpeg,31
134.jpeg,31
135.jpeg,31
136.jpeg,31
137.jpeg,31
138.jpeg,31
139.jpeg,31
14.jpeg,31
141.jpeg,31
143.jpeg,31
145.jpeg,31
146.jpeg,31
147.jpeg,31
149.jpeg,31
15.jpeg,31
151.jpeg,10
152.jpeg,31
153.jpeg,31
154.jpeg,31
155.jpeg,31
156.jpeg,31
157.jpeg,31
159.jpeg,31
16.jpeg,31
160.jpeg,31
161.jpeg,31
163.jpeg,31
164.jpeg,31
165.jpeg,31
167.jpeg,31
168.jpeg,31
169.jpeg,31
17.jpeg,31
170.jpeg,31
171.jpeg,31
173.jpeg,31
174.jpeg,31
175.jpeg,31
176.jpeg,31
177.jpeg,31
178.jpeg,31
179.jpeg,31
18.jpeg,31
180.jpeg,31
181.jpeg,31
182.jpeg,31
183.jpeg,31
184.jpeg,31
185.jpeg,31
186.jpeg,31
187.jpeg,31
188.jpeg,31
189.jpeg,31
19.jpeg,31
190.jpeg,31
191.jpeg,31
194.jpeg,31
195.jpeg,31
196.jpeg,31
2.jpeg,31
20.jpeg,31
22.jpeg,31
23.jpeg,31
24.jpeg,31
25.jpeg,31
26.jpeg,31
28.jpeg,31
29.jpeg,31
30.jpeg,31
31.jpeg,31
32.jpeg,31
34.jpeg,30
35.jpeg,31
36.jpeg,31
37.jpeg,31
38.jpeg,31
39.jpeg,31
40.jpeg,31
41.jpeg,31
42.jpeg,31
44.jpeg,31
45.jpeg,31
46.jpeg,31
47.jpeg,31
5.jpeg,31
50.jpeg,31
51.jpeg,31
52.jpeg,31
53.jpeg,31
54.jpeg,31
55.jpeg,31
56.jpeg,31
57.jpeg,31
59.jpeg,31
6.jpeg,31
61.jpeg,31
62.jpeg,31
64.jpeg,31
66.jpeg,31
67.jpeg,31
68.jpeg,31
69.jpeg,31
7.jpeg,31
71.jpeg,31
72.jpeg,31
73.jpeg,31
75.jpeg,31
77.jpeg,31
78.jpeg,31
79.jpeg,31
80.jpeg,31
81.jpeg,31
82.jpeg,31
84.jpeg,31
85.jpeg,31
86.jpeg,31
87.jpeg,31
88.jpeg,31
89.jpeg,31
9.jpeg,31
90.jpeg,31
91.jpeg,31
92.jpeg,31
94.jpeg,31
95.jpeg,31
96.jpeg,31
97.jpeg,31
99.jpeg,31
0.jpeg,32
101.jpeg,32
102.jpeg,32
103.jpeg,32
104.jpeg,32
105.jpeg,32
106.jpeg,32
107.jpeg,32
108.jpeg,32
109.jpeg,32
110.jpeg,32
111.jpeg,38
112.jpeg,32
113.jpeg,32
114.jpeg,32
116.jpeg,32
117.jpeg,32
118.jpeg,32
12.jpeg,32
120.jpeg,32
121.jpeg,32
123.jpeg,32
124.jpeg,32
125.jpeg,32
126.jpeg,32
127.jpeg,32
128.jpeg,32
129.jpeg,32
13.jpeg,32
130.jpeg,32
131.jpeg,32
132.jpeg,32
133.jpeg,32
134.jpeg,32
136.jpeg,32
137.jpeg,32
138.jpeg,32
139.jpeg,32
14.jpeg,32
140.jpeg,32
141.jpeg,32
142.jpeg,32
143.jpeg,32
144.jpeg,32
145.jpeg,32
146.jpeg,32
147.jpeg,32
148.jpeg,32
149.jpeg,32
15.jpeg,32
150.jpeg,32
151.jpeg,32
152.jpeg,32
153.jpeg,32
154.jpeg,32
155.jpeg,32
156.jpeg,32
158.jpeg,32
159.jpeg,36
160.jpeg,32
161.jpeg,32
162.jpeg,32
163.jpeg,32
164.jpeg,32
165.jpeg,32
166.jpeg,32
167.jpeg,32
168.jpeg,32
17.jpeg,32
171.jpeg,32
175.jpeg,32
18.jpeg,32
19.jpeg,32
21.jpeg,32
23.jpeg,32
24.jpeg,32
25.jpeg,32
26.jpeg,32
28.jpeg,32
29.jpeg,32
3.jpeg,32
30.jpeg,32
31.jpeg,32
32.jpeg,32
34.jpeg,32
35.jpeg,32
36.jpeg,32
37.jpeg,32
39.jpeg,32
40.jpeg,32
41.jpeg,32
43.jpeg,32
44.jpeg,32
45.jpeg,32
46.jpeg,32
47.jpeg,32
5.jpeg,32
50.jpeg,32
53.jpeg,32
54.jpeg,32
55.jpeg,32
56.jpeg,32
58.jpeg,32
59.jpeg,32
6.jpeg,32
60.jpeg,32
61.jpeg,36
63.jpeg,32
66.jpeg,32
67.jpeg,32
68.jpeg,32
69.jpeg,32
7.jpeg,32
70.jpeg,32
71.jpeg,32
72.jpeg,32
73.jpeg,32
74.jpeg,32
75.jpeg,32
77.jpeg,32
78.jpeg,32
79.jpeg,32
8.jpeg,32
80.jpeg,32
81.jpeg,32
83.jpeg,32
84.jpeg,32
85.jpeg,32
86.jpeg,32
87.jpeg,32
88.jpeg,32
89.jpeg,32
9.jpeg,32
90.jpeg,32
91.jpeg,32
93.jpeg,32
94.jpeg,32
96.jpeg,32
97.jpeg,32
99.jpeg,32
0.jpeg,33
1.jpeg,33
10.jpeg,33
100.jpeg,33
101.jpeg,33
102.jpeg,33
103.jpeg,49
104.jpeg,33
106.jpeg,33
107.jpeg,33
108.jpeg,33
109.jpeg,33
11.jpeg,33
110.jpeg,33
111.jpeg,33
112.jpeg,33
113.jpeg,33
116.jpeg,33
118.jpeg,33
12.jpeg,33
120.jpeg,33
121.jpeg,33
122.jpeg,33
123.jpeg,33
124.jpeg,33
125.jpeg,38
126.jpeg,33
127.jpeg,15
129.jpeg,33
13.jpeg,33
131.jpeg,33
132.jpeg,33
133.jpeg,33
134.jpeg,33
135.jpeg,33
138.jpeg,33
139.jpeg,33
14.jpeg,33
140.jpeg,33
141.jpeg,33
142.jpeg,33
144.jpeg,33
145.jpeg,33
146.jpeg,33
147.jpeg,33
148.jpeg,33
15.jpeg,33
150.jpeg,33
151.jpeg,33
152.jpeg,33
153.jpeg,33
154.jpeg,33
155.jpeg,33
156.jpeg,33
157.jpeg,33
159.jpeg,33
16.jpeg,33
160.jpeg,33
162.jpeg,33
163.jpeg,33
164.jpeg,33
165.jpeg,33
167.jpeg,33
168.jpeg,33
169.jpeg,33
17.jpeg,33
18.jpeg,33
19.jpeg,33
20.jpeg,33
22.jpeg,33
23.jpeg,33
24.jpeg,33
26.jpeg,33
27.jpeg,33
28.jpeg,33
29.jpeg,33
3.jpeg,33
30.jpeg,33
31.jpeg,33
33.jpeg,33
34.jpeg,33
35.jpeg,33
36.jpeg,33
37.jpeg,33
39.jpeg,33
4.jpeg,33
40.jpeg,33
41.jpeg,33
42.jpeg,33
43.jpeg,33
46.jpeg,33
47.jpeg,33
49.jpeg,33
5.jpeg,33
50.jpeg,33
51.jpeg,33
52.jpeg,33
54.jpeg,33
55.jpeg,33
57.jpeg,33
58.jpeg,33
59.jpeg,33
62.jpeg,33
63.jpeg,33
65.jpeg,33
66.jpeg,33
67.jpeg,33
68.jpeg,33
69.jpeg,33
7.jpeg,33
70.jpeg,33
71.jpeg,33
72.jpeg,33
73.jpeg,33
74.jpeg,33
75.jpeg,33
76.jpeg,33
78.jpeg,33
79.jpeg,33
8.jpeg,33
81.jpeg,33
82.jpeg,33
83.jpeg,33
84.jpeg,33
85.jpeg,33
87.jpeg,33
89.jpeg,33
9.jpeg,33
90.jpeg,33
91.jpeg,33
92.jpeg,33
94.jpeg,33
95.jpeg,33
96.jpeg,33
97.jpeg,33
99.jpeg,33
0.jpeg,34
1.jpeg,31
10.jpeg,34
101.jpeg,31
102.jpeg,34
103.jpeg,34
106.jpeg,34
107.jpeg,34
108.jpeg,34
109.jpeg,34
11.jpeg,34
110.jpeg,34
111.jpeg,34
112.jpeg,34
113.jpeg,34
114.jpeg,34
115.jpeg,34
116.jpeg,34
117.jpeg,34
118.jpeg,31
119.jpeg,34
12.jpeg,34
120.jpeg,34
121.jpeg,34
122.jpeg,34
123.jpeg,34
125.jpeg,34
126.jpeg,34
127.jpeg,34
128.jpeg,34
130.jpeg,34
131.jpeg,34
132.jpeg,34
134.jpeg,34
137.jpeg,34
138.jpeg,34
139.jpeg,34
14.jpeg,34
140.jpeg,34
141.jpeg,34
142.jpeg,34
143.jpeg,34
15.jpeg,34
16.jpeg,34
17.jpeg,34
18.jpeg,34
19.jpeg,34
2.jpeg,34
21.jpeg,34
22.jpeg,34
24.jpeg,34
26.jpeg,34
28.jpeg,34
29.jpeg,34
3.jpeg,34
30.jpeg,34
32.jpeg,34
35.jpeg,34
36.jpeg,34
37.jpeg,34
39.jpeg,34
4.jpeg,34
40.jpeg,34
42.jpeg,34
43.jpeg,34
44.jpeg,34
45.jpeg,34
46.jpeg,34
49.jpeg,34
5.jpeg,34
50.jpeg,34
51.jpeg,34
52.jpeg,34
53.jpeg,34
56.jpeg,34
57.jpeg,34
58.jpeg,34
59.jpeg,34
6.jpeg,34
60.jpeg,34
61.jpeg,34
63.jpeg,34
64.jpeg,34
65.jpeg,34
66.jpeg,34
67.jpeg,34
68.jpeg,34
69.jpeg,34
7.jpeg,34
70.jpeg,34
71.jpeg,34
72.jpeg,34
73.jpeg,34
75.jpeg,34
76.jpeg,34
77.jpeg,34
78.jpeg,34
79.jpeg,34
8.jpeg,34
81.jpeg,34
82.jpeg,34
83.jpeg,34
85.jpeg,34
86.jpeg,34
87.jpeg,34
89.jpeg,34
9.jpeg,34
90.jpeg,34
91.jpeg,34
92.jpeg,34
93.jpeg,34
94.jpeg,34
96.jpeg,34
97.jpeg,34
98.jpeg,34
0.jpeg,35
1.jpeg,35
100.jpeg,35
101.jpeg,35
102.jpeg,35
103.jpeg,35
104.jpeg,35
106.jpeg,35
107.jpeg,35
108.jpeg,35
109.jpeg,35
11.jpeg,35
110.jpeg,35
111.jpeg,35
112.jpeg,35
113.jpeg,35
114.jpeg,35
115.jpeg,35
116.jpeg,35
117.jpeg,35
118.jpeg,35
12.jpeg,35
120.jpeg,35
121.jpeg,35
122.jpeg,35
123.jpeg,35
124.jpeg,35
125.jpeg,35
126.jpeg,35
127.jpeg,35
128.jpeg,35
129.jpeg,35
13.jpeg,35
130.jpeg,35
131.jpeg,35
132.jpeg,35
133.jpeg,35
134.jpeg,35
135.jpeg,35
136.jpeg,35
137.jpeg,49
138.jpeg,35
139.jpeg,35
14.jpeg,35
141.jpeg,35
142.jpeg,35
144.jpeg,35
145.jpeg,35
146.jpeg,35
147.jpeg,35
148.jpeg,35
150.jpeg,35
151.jpeg,35
152.jpeg,35
153.jpeg,35
154.jpeg,35
155.jpeg,35
156.jpeg,35
157.jpeg,35
158.jpeg,35
159.jpeg,35
160.jpeg,35
161.jpeg,35
162.jpeg,35
163.jpeg,35
164.jpeg,35
166.jpeg,35
167.jpeg,35
168.jpeg,35
17.jpeg,35
18.jpeg,35
20.jpeg,35
21.jpeg,35
22.jpeg,35
23.jpeg,35
24.jpeg,35
26.jpeg,25
27.jpeg,35
28.jpeg,35
29.jpeg,35
30.jpeg,35
33.jpeg,35
35.jpeg,35
36.jpeg,35
37.jpeg,35
39.jpeg,35
4.jpeg,35
40.jpeg,35
41.jpeg,35
43.jpeg,35
45.jpeg,35
46.jpeg,35
47.jpeg,35
49.jpeg,35
5.jpeg,35
50.jpeg,35
51.jpeg,35
52.jpeg,35
53.jpeg,35
54.jpeg,35
55.jpeg,35
57.jpeg,35
58.jpeg,35
59.jpeg,35
6.jpeg,35
62.jpeg,35
64.jpeg,35
65.jpeg,35
66.jpeg,4
68.jpeg,35
69.jpeg,35
7.jpeg,35
70.jpeg,49
71.jpeg,35
73.jpeg,35
74.jpeg,35
75.jpeg,25
76.jpeg,35
78.jpeg,35
79.jpeg,35
8.jpeg,35
82.jpeg,35
85.jpeg,35
88.jpeg,35
89.jpeg,35
9.jpeg,35
90.jpeg,35
91.jpeg,35
92.jpeg,35
93.jpeg,35
94.jpeg,35
95.jpeg,35
96.jpeg,35
97.jpeg,35
99.jpeg,35
10.jpeg,36
100.jpeg,36
101.jpeg,36
102.jpeg,36
104.jpeg,36
106.jpeg,36
107.jpeg,36
108.jpeg,36
109.jpeg,36
110.jpeg,36
111.jpeg,36
113.jpeg,36
114.jpeg,36
116.jpeg,36
117.jpeg,36
118.jpeg,36
119.jpeg,36
12.jpeg,36
120.jpeg,36
121.jpeg,36
122.jpeg,36
123.jpeg,36
126.jpeg,36
127.jpeg,36
128.jpeg,36
13.jpeg,36
130.jpeg,36
15.jpeg,36
16.jpeg,36
17.jpeg,36
18.jpeg,36
19.jpeg,36
2.jpeg,36
20.jpeg,36
21.jpeg,36
22.jpeg,36
23.jpeg,36
24.jpeg,36
25.jpeg,36
26.jpeg,36
27.jpeg,36
29.jpeg,36
3.jpeg,36
32.jpeg,36
34.jpeg,36
36.jpeg,36
37.jpeg,36
38.jpeg,36
39.jpeg,36
4.jpeg,36
40.jpeg,36
42.jpeg,36
43.jpeg,36
45.jpeg,36
46.jpeg,36
48.jpeg,36
49.jpeg,36
50.jpeg,36
51.jpeg,36
53.jpeg,36
55.jpeg,36
56.jpeg,36
57.jpeg,36
58.jpeg,36
59.jpeg,36
60.jpeg,36
61.jpeg,36
62.jpeg,36
63.jpeg,36
64.jpeg,36
65.jpeg,36
66.jpeg,36
67.jpeg,36
68.jpeg,36
69.jpeg,36
7.jpeg,36
70.jpeg,36
72.jpeg,36
74.jpeg,36
75.jpeg,36
76.jpeg,36
77.jpeg,36
78.jpeg,36
79.jpeg,36
8.jpeg,36
80.jpeg,36
82.jpeg,36
83.jpeg,36
84.jpeg,36
85.jpeg,36
86.jpeg,36
87.jpeg,36
88.jpeg,36
89.jpeg,36
9.jpeg,36
90.jpeg,36
91.jpeg,36
92.jpeg,36
93.jpeg,36
94.jpeg,36
96.jpeg,36
97.jpeg,36
98.jpeg,36
99.jpeg,36
0.jpeg,37
10.jpeg,37
100.jpeg,37
101.jpeg,37
102.jpeg,37
104.jpeg,37
105.jpeg,37
106.jpeg,37
108.jpeg,37
109.jpeg,37
11.jpeg,37
110.jpeg,37
111.jpeg,37
113.jpeg,37
117.jpeg,37
118.jpeg,37
119.jpeg,37
12.jpeg,37
120.jpeg,37
121.jpeg,37
122.jpeg,37
13.jpeg,37
14.jpeg,37
15.jpeg,37
16.jpeg,37
17.jpeg,37
18.jpeg,37
2.jpeg,37
20.jpeg,37
21.jpeg,37
23.jpeg,37
24.jpeg,37
25.jpeg,37
26.jpeg,37
27.jpeg,37
29.jpeg,37
3.jpeg,37
34.jpeg,37
36.jpeg,37
37.jpeg,37
38.jpeg,37
39.jpeg,37
4.jpeg,37
40.jpeg,37
41.jpeg,37
42.jpeg,37
43.jpeg,37
44.jpeg,37
45.jpeg,37
46.jpeg,37
47.jpeg,37
48.jpeg,37
49.jpeg,37
50.jpeg,37
51.jpeg,37
52.jpeg,37
53.jpeg,37
55.jpeg,37
56.jpeg,37
58.jpeg,37
59.jpeg,37
6.jpeg,37
60.jpeg,37
62.jpeg,37
63.jpeg,37
64.jpeg,37
66.jpeg,37
67.jpeg,37
68.jpeg,37
69.jpeg,37
7.jpeg,37
70.jpeg,37
71.jpeg,37
72.jpeg,37
75.jpeg,37
76.jpeg,37
77.jpeg,37
78.jpeg,37
79.jpeg,37
8.jpeg,37
80.jpeg,37
81.jpeg,37
82.jpeg,37
83.jpeg,37
84.jpeg,37
85.jpeg,37
86.jpeg,37
87.jpeg,37
89.jpeg,37
90.jpeg,37
91.jpeg,37
92.jpeg,37
93.jpeg,37
94.jpeg,37
96.jpeg,37
97.jpeg,37
98.jpeg,37
99.jpeg,37
0.jpeg,38
1.jpeg,38
10.jpeg,38
100.jpeg,38
101.jpeg,38
103.jpeg,38
105.jpeg,38
107.jpeg,38
109.jpeg,38
11.jpeg,38
110.jpeg,38
111.jpeg,38
113.jpeg,38
114.jpeg,38
117.jpeg,38
118.jpeg,38
12.jpeg,38
120.jpeg,38
122.jpeg,38
123.jpeg,38
124.jpeg,38
125.jpeg,38
126.jpeg,38
127.jpeg,38
128.jpeg,38
129.jpeg,38
131.jpeg,38
132.jpeg,38
134.jpeg,38
135.jpeg,38
136.jpeg,38
137.jpeg,38
138.jpeg,38
139.jpeg,38
14.jpeg,38
140.jpeg,38
141.jpeg,38
142.jpeg,38
143.jpeg,38
144.jpeg,38
145.jpeg,38
146.jpeg,38
147.jpeg,38
149.jpeg,38
15.jpeg,38
151.jpeg,38
152.jpeg,38
153.jpeg,38
154.jpeg,38
16.jpeg,38
17.jpeg,38
2.jpeg,38
21.jpeg,38
22.jpeg,38
23.jpeg,38
24.jpeg,38
25.jpeg,38
26.jpeg,38
27.jpeg,38
28.jpeg,38
29.jpeg,38
3.jpeg,38
30.jpeg,38
32.jpeg,38
34.jpeg,38
35.jpeg,38
36.jpeg,38
37.jpeg,38
38.jpeg,38
4.jpeg,38
40.jpeg,38
42.jpeg,38
44.jpeg,38
45.jpeg,38
46.jpeg,38
47.jpeg,38
48.jpeg,38
5.jpeg,38
50.jpeg,38
51.jpeg,38
52.jpeg,38
53.jpeg,38
54.jpeg,38
55.jpeg,38
56.jpeg,38
57.jpeg,38
58.jpeg,38
60.jpeg,38
61.jpeg,38
62.jpeg,38
63.jpeg,38
64.jpeg,38
65.jpeg,38
66.jpeg,38
67.jpeg,38
69.jpeg,38
7.jpeg,38
70.jpeg,38
71.jpeg,38
72.jpeg,38
73.jpeg,38
74.jpeg,38
75.jpeg,38
76.jpeg,38
77.jpeg,38
78.jpeg,38
79.jpeg,38
80.jpeg,38
81.jpeg,38
82.jpeg,38
83.jpeg,38
86.jpeg,38
87.jpeg,38
88.jpeg,38
89.jpeg,38
9.jpeg,38
91.jpeg,38
92.jpeg,38
93.jpeg,38
94.jpeg,38
95.jpeg,38
96.jpeg,38
98.jpeg,38
99.jpeg,38
0.jpeg,17
10.jpeg,39
100.jpeg,39
101.jpeg,39
102.jpeg,39
104.jpeg,39
105.jpeg,39
106.jpeg,39
108.jpeg,39
109.jpeg,39
11.jpeg,39
110.jpeg,39
111.jpeg,39
113.jpeg,25
117.jpeg,39
118.jpeg,39
119.jpeg,39
12.jpeg,39
120.jpeg,39
121.jpeg,39
122.jpeg,39
13.jpeg,39
14.jpeg,39
15.jpeg,39
16.jpeg,35
17.jpeg,39
18.jpeg,39
2.jpeg,39
20.jpeg,39
21.jpeg,39
23.jpeg,39
24.jpeg,39
25.jpeg,39
26.jpeg,39
27.jpeg,39
29.jpeg,39
3.jpeg,39
34.jpeg,39
36.jpeg,39
37.jpeg,39
38.jpeg,39
39.jpeg,39
4.jpeg,39
40.jpeg,39
41.jpeg,39
42.jpeg,39
43.jpeg,39
44.jpeg,39
45.jpeg,39
46.jpeg,39
47.jpeg,39
48.jpeg,39
49.jpeg,39
50.jpeg,39
51.jpeg,39
52.jpeg,39
53.jpeg,39
55.jpeg,39
56.jpeg,39
58.jpeg,39
59.jpeg,39
6.jpeg,39
60.jpeg,39
62.jpeg,39
63.jpeg,39
64.jpeg,39
66.jpeg,39
67.jpeg,39
68.jpeg,17
69.jpeg,39
7.jpeg,39
70.jpeg,39
71.jpeg,39
72.jpeg,39
75.jpeg,39
76.jpeg,39
77.jpeg,39
78.jpeg,39
79.jpeg,39
8.jpeg,39
80.jpeg,39
81.jpeg,17
82.jpeg,39
83.jpeg,39
84.jpeg,39
85.jpeg,39
86.jpeg,39
87.jpeg,39
89.jpeg,39
90.jpeg,39
91.jpeg,17
92.jpeg,39
93.jpeg,39
94.jpeg,39
96.jpeg,39
97.jpeg,39
98.jpeg,39
99.jpeg,17
0.jpeg,40
10.jpeg,40
100.jpeg,40
101.jpeg,40
102.jpeg,40
104.jpeg,40
106.jpeg,40
107.jpeg,40
108.jpeg,40
109.jpeg,40
113.jpeg,40
114.jpeg,40
115.jpeg,40
116.jpeg,40
117.jpeg,40
118.jpeg,40
119.jpeg,40
12.jpeg,40
120.jpeg,40
121.jpeg,40
122.jpeg,40
123.jpeg,40
126.jpeg,11
127.jpeg,40
13.jpeg,40
15.jpeg,40
16.jpeg,40
17.jpeg,40
18.jpeg,40
19.jpeg,40
20.jpeg,40
21.jpeg,40
22.jpeg,40
23.jpeg,40
24.jpeg,40
25.jpeg,40
26.jpeg,40
27.jpeg,40
29.jpeg,40
3.jpeg,40
32.jpeg,40
34.jpeg,40
35.jpeg,40
36.jpeg,40
38.jpeg,40
39.jpeg,40
4.jpeg,40
40.jpeg,40
42.jpeg,40
43.jpeg,40
45.jpeg,40
46.jpeg,40
47.jpeg,40
48.jpeg,40
49.jpeg,40
5.jpeg,40
50.jpeg,40
51.jpeg,40
52.jpeg,40
53.jpeg,40
56.jpeg,40
57.jpeg,40
58.jpeg,40
59.jpeg,40
61.jpeg,40
62.jpeg,40
63.jpeg,40
64.jpeg,40
65.jpeg,40
66.jpeg,40
67.jpeg,40
68.jpeg,40
69.jpeg,40
7.jpeg,40
70.jpeg,40
71.jpeg,40
72.jpeg,40
74.jpeg,24
75.jpeg,40
76.jpeg,40
77.jpeg,11
78.jpeg,40
79.jpeg,40
8.jpeg,40
80.jpeg,40
82.jpeg,40
83.jpeg,40
85.jpeg,40
86.jpeg,40
87.jpeg,40
88.jpeg,40
89.jpeg,40
9.jpeg,40
90.jpeg,40
91.jpeg,40
92.jpeg,40
93.jpeg,40
94.jpeg,40
96.jpeg,40
97.jpeg,40
98.jpeg,40
99.jpeg,40
0.jpeg,41
1.jpeg,41
10.jpeg,41
100.jpeg,41
101.jpeg,41
103.jpeg,41
105.jpeg,41
107.jpeg,41
109.jpeg,41
11.jpeg,24
110.jpeg,9
111.jpeg,41
113.jpeg,41
114.jpeg,41
117.jpeg,41
118.jpeg,41
12.jpeg,41
120.jpeg,41
122.jpeg,41
123.jpeg,41
124.jpeg,9
125.jpeg,9
126.jpeg,41
127.jpeg,41
128.jpeg,41
129.jpeg,41
131.jpeg,41
132.jpeg,41
134.jpeg,41
135.jpeg,41
136.jpeg,9
137.jpeg,41
138.jpeg,41
139.jpeg,41
14.jpeg,41
140.jpeg,41
141.jpeg,41
142.jpeg,41
143.jpeg,41
144.jpeg,41
145.jpeg,41
146.jpeg,41
147.jpeg,41
149.jpeg,41
15.jpeg,41
151.jpeg,41
152.jpeg,41
153.jpeg,41
154.jpeg,41
16.jpeg,41
17.jpeg,41
2.jpeg,41
21.jpeg,41
22.jpeg,41
23.jpeg,41
24.jpeg,41
25.jpeg,41
26.jpeg,41
27.jpeg,41
28.jpeg,41
29.jpeg,41
3.jpeg,41
30.jpeg,9
32.jpeg,9
34.jpeg,41
35.jpeg,41
36.jpeg,41
37.jpeg,41
38.jpeg,41
4.jpeg,41
40.jpeg,41
42.jpeg,41
44.jpeg,41
45.jpeg,41
46.jpeg,41
47.jpeg,9
48.jpeg,41
5.jpeg,9
50.jpeg,41
51.jpeg,41
52.jpeg,41
53.jpeg,41
54.jpeg,41
55.jpeg,9
56.jpeg,41
57.jpeg,41
58.jpeg,41
60.jpeg,9
61.jpeg,41
62.jpeg,41
63.jpeg,41
64.jpeg,41
65.jpeg,41
66.jpeg,41
67.jpeg,41
69.jpeg,41
7.jpeg,41
70.jpeg,9
71.jpeg,9
72.jpeg,41
73.jpeg,41
74.jpeg,41
75.jpeg,41
76.jpeg,41
77.jpeg,41
78.jpeg,41
79.jpeg,41
80.jpeg,41
81.jpeg,41
82.jpeg,41
83.jpeg,41
86.jpeg,41
87.jpeg,15
88.jpeg,41
89.jpeg,41
9.jpeg,41
91.jpeg,41
92.jpeg,41
93.jpeg,41
94.jpeg,41
95.jpeg,41
96.jpeg,41
98.jpeg,41
99.jpeg,41
0.jpeg,42
1.jpeg,42
10.jpeg,42
100.jpeg,42
101.jpeg,42
102.jpeg,42
103.jpeg,42
104.jpeg,42
106.jpeg,42
107.jpeg,42
108.jpeg,42
109.jpeg,42
11.jpeg,42
110.jpeg,42
111.jpeg,42
112.jpeg,42
114.jpeg,42
118.jpeg,42
119.jpeg,42
12.jpeg,42
120.jpeg,42
121.jpeg,42
122.jpeg,42
123.jpeg,42
125.jpeg,42
126.jpeg,42
127.jpeg,42
128.jpeg,42
129.jpeg,42
13.jpeg,42
130.jpeg,42
131.jpeg,42
133.jpeg,42
134.jpeg,42
135.jpeg,42
136.jpeg,42
137.jpeg,42
138.jpeg,42
14.jpeg,42
15.jpeg,42
17.jpeg,42
18.jpeg,42
2.jpeg,42
20.jpeg,42
21.jpeg,42
24.jpeg,42
25.jpeg,42
26.jpeg,42
27.jpeg,42
28.jpeg,42
29.jpeg,42
3.jpeg,42
30.jpeg,42
32.jpeg,42
34.jpeg,42
35.jpeg,42
36.jpeg,42
37.jpeg,42
38.jpeg,42
39.jpeg,42
4.jpeg,42
40.jpeg,42
42.jpeg,42
43.jpeg,42
44.jpeg,42
46.jpeg,42
47.jpeg,42
49.jpeg,42
5.jpeg,42
50.jpeg,42
51.jpeg,42
53.jpeg,42
55.jpeg,42
56.jpeg,42
58.jpeg,42
6.jpeg,42
60.jpeg,42
61.jpeg,42
62.jpeg,42
63.jpeg,42
64.jpeg,42
65.jpeg,42
66.jpeg,42
67.jpeg,42
68.jpeg,42
69.jpeg,42
7.jpeg,42
71.jpeg,42
72.jpeg,42
73.jpeg,42
74.jpeg,42
75.jpeg,42
76.jpeg,42
77.jpeg,42
78.jpeg,42
8.jpeg,42
80.jpeg,42
81.jpeg,42
82.jpeg,42
83.jpeg,42
84.jpeg,42
86.jpeg,42
88.jpeg,42
89.jpeg,42
9.jpeg,42
92.jpeg,42
94.jpeg,42
95.jpeg,42
96.jpeg,42
97.jpeg,42
99.jpeg,42
0.jpeg,43
10.jpeg,43
100.jpeg,43
101.jpeg,43
102.jpeg,43
103.jpeg,43
104.jpeg,43
107.jpeg,43
108.jpeg,43
109.jpeg,43
11.jpeg,43
110.jpeg,43
111.jpeg,43
112.jpeg,43
113.jpeg,43
114.jpeg,8
115.jpeg,43
116.jpeg,43
117.jpeg,43
118.jpeg,43
119.jpeg,43
12.jpeg,43
120.jpeg,43
121.jpeg,43
13.jpeg,43
15.jpeg,43
16.jpeg,43
17.jpeg,43
18.jpeg,43
19.jpeg,24
2.jpeg,43
20.jpeg,43
21.jpeg,43
22.jpeg,43
23.jpeg,43
24.jpeg,43
28.jpeg,43
29.jpeg,43
3.jpeg,43
31.jpeg,43
34.jpeg,43
35.jpeg,43
37.jpeg,43
38.jpeg,43
39.jpeg,43
4.jpeg,43
40.jpeg,43
41.jpeg,43
43.jpeg,43
44.jpeg,43
45.jpeg,25
46.jpeg,43
47.jpeg,43
48.jpeg,43
49.jpeg,43
5.jpeg,43
50.jpeg,43
51.jpeg,43
52.jpeg,43
55.jpeg,43
56.jpeg,43
58.jpeg,43
59.jpeg,43
6.jpeg,43
61.jpeg,43
62.jpeg,43
64.jpeg,43
65.jpeg,43
66.jpeg,43
67.jpeg,43
68.jpeg,43
69.jpeg,43
7.jpeg,43
70.jpeg,43
71.jpeg,43
75.jpeg,43
76.jpeg,43
77.jpeg,43
78.jpeg,43
79.jpeg,43
8.jpeg,43
80.jpeg,43
81.jpeg,43
82.jpeg,43
83.jpeg,43
84.jpeg,43
85.jpeg,43
86.jpeg,43
89.jpeg,43
91.jpeg,43
92.jpeg,43
93.jpeg,43
94.jpeg,18
96.jpeg,43
97.jpeg,43
98.jpeg,43
99.jpeg,43
10.jpeg,44
100.jpeg,42
101.jpeg,49
102.jpeg,44
104.jpeg,10
106.jpeg,31
107.jpeg,44
108.jpeg,44
109.jpeg,44
110.jpeg,44
111.jpeg,44
113.jpeg,44
114.jpeg,44
115.jpeg,42
116.jpeg,8
117.jpeg,44
118.jpeg,44
119.jpeg,44
12.jpeg,44
120.jpeg,28
121.jpeg,44
122.jpeg,44
123.jpeg,44
126.jpeg,44
127.jpeg,44
128.jpeg,44
13.jpeg,44
15.jpeg,44
16.jpeg,44
17.jpeg,44
18.jpeg,44
19.jpeg,44
2.jpeg,44
20.jpeg,44
21.jpeg,44
22.jpeg,44
23.jpeg,44
24.jpeg,44
25.jpeg,44
26.jpeg,44
27.jpeg,44
28.jpeg,44
29.jpeg,44
3.jpeg,44
32.jpeg,44
34.jpeg,44
36.jpeg,44
37.jpeg,44
38.jpeg,44
39.jpeg,44
4.jpeg,44
40.jpeg,44
42.jpeg,49
43.jpeg,44
45.jpeg,44
46.jpeg,44
47.jpeg,44
48.jpeg,44
49.jpeg,44
50.jpeg,31
51.jpeg,44
52.jpeg,44
53.jpeg,44
56.jpeg,44
57.jpeg,44
58.jpeg,44
59.jpeg,44
60.jpeg,44
61.jpeg,44
62.jpeg,44
63.jpeg,44
64.jpeg,44
65.jpeg,44
66.jpeg,10
67.jpeg,49
68.jpeg,44
69.jpeg,44
7.jpeg,44
70.jpeg,31
72.jpeg,44
74.jpeg,44
75.jpeg,44
76.jpeg,44
77.jpeg,31
78.jpeg,44
79.jpeg,44
8.jpeg,10
80.jpeg,44
82.jpeg,44
83.jpeg,44
85.jpeg,44
86.jpeg,44
87.jpeg,44
88.jpeg,44
9.jpeg,49
90.jpeg,44
91.jpeg,44
92.jpeg,44
93.jpeg,44
94.jpeg,44
96.jpeg,44
97.jpeg,5
99.jpeg,44
0.jpeg,10
1.jpeg,45
10.jpeg,45
100.jpeg,45
101.jpeg,45
102.jpeg,45
103.jpeg,45
106.jpeg,45
108.jpeg,45
109.jpeg,45
11.jpeg,45
112.jpeg,45
113.jpeg,45
114.jpeg,45
115.jpeg,10
116.jpeg,45
117.jpeg,45
118.jpeg,45
119.jpeg,45
12.jpeg,45
121.jpeg,45
122.jpeg,45
123.jpeg,45
125.jpeg,45
126.jpeg,45
127.jpeg,45
129.jpeg,45
13.jpeg,45
130.jpeg,45
14.jpeg,45
15.jpeg,45
16.jpeg,45
17.jpeg,45
18.jpeg,45
19.jpeg,45
2.jpeg,45
21.jpeg,45
23.jpeg,45
24.jpeg,45
25.jpeg,45
26.jpeg,45
27.jpeg,45
28.jpeg,45
29.jpeg,45
3.jpeg,45
30.jpeg,10
32.jpeg,45
34.jpeg,45
36.jpeg,45
38.jpeg,45
4.jpeg,45
40.jpeg,45
42.jpeg,45
43.jpeg,45
44.jpeg,45
45.jpeg,45
46.jpeg,45
49.jpeg,45
5.jpeg,45
50.jpeg,45
51.jpeg,45
52.jpeg,45
53.jpeg,45
55.jpeg,45
56.jpeg,45
57.jpeg,45
58.jpeg,45
59.jpeg,45
6.jpeg,45
60.jpeg,45
61.jpeg,45
62.jpeg,10
63.jpeg,45
64.jpeg,45
65.jpeg,10
66.jpeg,45
67.jpeg,45
69.jpeg,45
7.jpeg,45
70.jpeg,45
71.jpeg,45
72.jpeg,45
74.jpeg,45
75.jpeg,45
76.jpeg,45
77.jpeg,45
78.jpeg,45
79.jpeg,45
8.jpeg,45
80.jpeg,45
82.jpeg,45
83.jpeg,45
84.jpeg,45
85.jpeg,45
86.jpeg,45
87.jpeg,45
88.jpeg,45
89.jpeg,45
9.jpeg,45
90.jpeg,45
92.jpeg,45
94.jpeg,45
96.jpeg,45
97.jpeg,45
98.jpeg,45
99.jpeg,45
0.jpeg,46
1.jpeg,46
10.jpeg,0
100.jpeg,38
101.jpeg,46
104.jpeg,11
105.jpeg,46
107.jpeg,46
108.jpeg,46
109.jpeg,46
11.jpeg,46
112.jpeg,46
113.jpeg,46
116.jpeg,46
117.jpeg,46
118.jpeg,46
119.jpeg,10
12.jpeg,46
120.jpeg,46
121.jpeg,46
122.jpeg,46
123.jpeg,46
13.jpeg,46
14.jpeg,46
15.jpeg,46
16.jpeg,46
17.jpeg,46
19.jpeg,46
2.jpeg,46
20.jpeg,46
21.jpeg,46
23.jpeg,46
24.jpeg,46
25.jpeg,46
26.jpeg,46
27.jpeg,46
28.jpeg,46
29.jpeg,46
3.jpeg,46
32.jpeg,46
34.jpeg,46
37.jpeg,46
38.jpeg,46
39.jpeg,46
4.jpeg,46
40.jpeg,46
41.jpeg,46
42.jpeg,42
43.jpeg,46
45.jpeg,46
46.jpeg,46
47.jpeg,46
48.jpeg,14
49.jpeg,46
5.jpeg,46
50.jpeg,46
51.jpeg,46
52.jpeg,46
53.jpeg,46
56.jpeg,23
57.jpeg,46
58.jpeg,46
59.jpeg,46
6.jpeg,46
61.jpeg,46
62.jpeg,46
63.jpeg,15
64.jpeg,46
66.jpeg,46
67.jpeg,46
68.jpeg,46
69.jpeg,46
7.jpeg,46
71.jpeg,46
72.jpeg,17
74.jpeg,46
75.jpeg,46
76.jpeg,46
78.jpeg,46
79.jpeg,46
8.jpeg,46
80.jpeg,46
81.jpeg,46
82.jpeg,46
83.jpeg,46
84.jpeg,46
85.jpeg,46
86.jpeg,46
87.jpeg,46
89.jpeg,46
90.jpeg,46
91.jpeg,46
92.jpeg,46
93.jpeg,46
94.jpeg,46
96.jpeg,46
97.jpeg,46
98.jpeg,4
99.jpeg,46
0.jpeg,47
1.jpeg,47
10.jpeg,47
100.jpeg,47
101.jpeg,47
102.jpeg,47
103.jpeg,47
104.jpeg,47
106.jpeg,47
107.jpeg,47
108.jpeg,47
109.jpeg,47
11.jpeg,47
112.jpeg,47
113.jpeg,47
114.jpeg,47
116.jpeg,47
117.jpeg,47
118.jpeg,47
119.jpeg,47
12.jpeg,47
120.jpeg,47
121.jpeg,47
122.jpeg,47
123.jpeg,47
125.jpeg,47
126.jpeg,47
127.jpeg,47
129.jpeg,47
13.jpeg,47
130.jpeg,47
131.jpeg,47
133.jpeg,47
134.jpeg,47
135.jpeg,47
136.jpeg,47
137.jpeg,47
14.jpeg,47
15.jpeg,47
17.jpeg,47
20.jpeg,47
21.jpeg,47
22.jpeg,47
25.jpeg,47
26.jpeg,47
27.jpeg,47
28.jpeg,47
29.jpeg,47
3.jpeg,47
30.jpeg,47
32.jpeg,47
33.jpeg,47
34.jpeg,47
35.jpeg,47
36.jpeg,47
37.jpeg,47
38.jpeg,47
4.jpeg,47
40.jpeg,47
41.jpeg,47
42.jpeg,47
44.jpeg,11
45.jpeg,47
47.jpeg,47
49.jpeg,47
5.jpeg,47
50.jpeg,47
51.jpeg,47
52.jpeg,47
55.jpeg,47
56.jpeg,47
57.jpeg,47
58.jpeg,47
59.jpeg,47
6.jpeg,47
60.jpeg,47
61.jpeg,47
62.jpeg,47
63.jpeg,47
64.jpeg,47
65.jpeg,47
66.jpeg,47
67.jpeg,47
68.jpeg,47
69.jpeg,47
7.jpeg,47
70.jpeg,47
71.jpeg,47
72.jpeg,47
73.jpeg,47
74.jpeg,47
77.jpeg,47
78.jpeg,47
8.jpeg,47
80.jpeg,47
82.jpeg,47
83.jpeg,47
84.jpeg,47
85.jpeg,47
86.jpeg,47
87.jpeg,47
88.jpeg,47
89.jpeg,47
9.jpeg,47
92.jpeg,47
94.jpeg,47
96.jpeg,47
97.jpeg,47
98.jpeg,47
99.jpeg,47
0.jpeg,48
10.jpeg,48
101.jpeg,48
102.jpeg,48
103.jpeg,48
104.jpeg,48
105.jpeg,48
106.jpeg,48
108.jpeg,48
109.jpeg,48
110.jpeg,48
111.jpeg,48
112.jpeg,48
113.jpeg,48
114.jpeg,48
115.jpeg,48
116.jpeg,48
12.jpeg,48
121.jpeg,48
124.jpeg,48
125.jpeg,48
126.jpeg,48
127.jpeg,48
128.jpeg,48
129.jpeg,48
13.jpeg,48
131.jpeg,48
132.jpeg,48
133.jpeg,48
134.jpeg,48
135.jpeg,48
136.jpeg,48
138.jpeg,48
139.jpeg,48
14.jpeg,48
140.jpeg,48
141.jpeg,48
142.jpeg,48
143.jpeg,48
144.jpeg,48
145.jpeg,48
146.jpeg,48
147.jpeg,48
148.jpeg,48
149.jpeg,48
15.jpeg,48
150.jpeg,48
151.jpeg,48
152.jpeg,48
153.jpeg,48
154.jpeg,48
155.jpeg,48
156.jpeg,48
158.jpeg,48
159.jpeg,48
160.jpeg,48
161.jpeg,48
162.jpeg,48
163.jpeg,48
164.jpeg,48
165.jpeg,48
166.jpeg,48
167.jpeg,48
17.jpeg,48
170.jpeg,48
171.jpeg,48
18.jpeg,48
19.jpeg,48
20.jpeg,48
21.jpeg,48
23.jpeg,48
24.jpeg,48
25.jpeg,48
26.jpeg,48
27.jpeg,48
28.jpeg,48
29.jpeg,48
3.jpeg,48
30.jpeg,48
31.jpeg,48
32.jpeg,48
34.jpeg,48
35.jpeg,48
37.jpeg,48
39.jpeg,48
40.jpeg,48
41.jpeg,48
43.jpeg,48
44.jpeg,48
45.jpeg,48
46.jpeg,48
47.jpeg,48
5.jpeg,48
50.jpeg,48
52.jpeg,48
53.jpeg,48
54.jpeg,48
55.jpeg,48
56.jpeg,48
57.jpeg,48
58.jpeg,48
59.jpeg,48
6.jpeg,48
60.jpeg,48
61.jpeg,48
62.jpeg,48
66.jpeg,48
67.jpeg,48
68.jpeg,48
69.jpeg,48
7.jpeg,48
70.jpeg,48
71.jpeg,48
72.jpeg,48
73.jpeg,48
74.jpeg,48
76.jpeg,48
77.jpeg,48
78.jpeg,48
79.jpeg,48
8.jpeg,48
80.jpeg,48
81.jpeg,48
83.jpeg,48
84.jpeg,25
85.jpeg,48
86.jpeg,48
87.jpeg,48
89.jpeg,48
9.jpeg,48
90.jpeg,48
91.jpeg,48
92.jpeg,48
93.jpeg,48
94.jpeg,48
96.jpeg,48
97.jpeg,48
98.jpeg,48
99.jpeg,48
0.jpeg,49
1.jpeg,49
10.jpeg,49
100.jpeg,49
101.jpeg,49
102.jpeg,49
103.jpeg,49
104.jpeg,49
106.jpeg,49
107.jpeg,49
108.jpeg,49
109.jpeg,49
11.jpeg,49
111.jpeg,49
112.jpeg,18
113.jpeg,49
114.jpeg,49
117.jpeg,49
119.jpeg,49
12.jpeg,49
120.jpeg,49
122.jpeg,49
123.jpeg,49
13.jpeg,49
14.jpeg,49
15.jpeg,49
16.jpeg,49
17.jpeg,49
19.jpeg,49
2.jpeg,49
20.jpeg,49
21.jpeg,49
22.jpeg,49
23.jpeg,49
24.jpeg,49
25.jpeg,49
26.jpeg,49
27.jpeg,49
28.jpeg,49
29.jpeg,49
32.jpeg,49
34.jpeg,49
37.jpeg,49
38.jpeg,49
39.jpeg,49
4.jpeg,49
40.jpeg,49
41.jpeg,49
42.jpeg,49
43.jpeg,49
44.jpeg,49
45.jpeg,49
46.jpeg,49
47.jpeg,49
48.jpeg,49
49.jpeg,49
5.jpeg,49
50.jpeg,49
52.jpeg,49
55.jpeg,49
56.jpeg,49
57.jpeg,49
58.jpeg,49
59.jpeg,49
6.jpeg,49
60.jpeg,49
61.jpeg,49
62.jpeg,49
63.jpeg,49
64.jpeg,49
65.jpeg,49
66.jpeg,49
68.jpeg,49
69.jpeg,49
7.jpeg,49
71.jpeg,49
74.jpeg,49
75.jpeg,49
76.jpeg,49
77.jpeg,29
78.jpeg,49
79.jpeg,49
8.jpeg,49
80.jpeg,49
82.jpeg,49
83.jpeg,49
85.jpeg,49
86.jpeg,49
87.jpeg,49
88.jpeg,49
89.jpeg,49
90.jpeg,49
91.jpeg,49
92.jpeg,49
93.jpeg,49
94.jpeg,49
96.jpeg,49
97.jpeg,49
98.jpeg,49
99.jpeg,49
